,,,,,,,,,,,,,,,,,,,,,,,
,"Part Program Name:","(NOT ID)_MASTER_20260529_FULL FRAME.PRG",,,,,,,,,,,,,,,,,,,,,
,"Serial Number:",,,,,,,,,,,,,,,,,,,,,,
,Date:,02/07/2026,,,,,,,,,,,,,,,,,,,,,
,Time:,22:38,,,,,,,,,,,,,,,,,,,,,
,,,,,,,,,,,,,,,,,,,,,,,
,,,,,,,,,,,,,,,,,,,,,,,
,,,,,,,,,,,,,,,,,,,,,,,
,TRACE,Date,02/07/2026,,,,,,,,,,,,,,,,,,,,
,TRACE,Time,20:27:32,,,,,,,,,,,,,,,,,,,,
,TRACE,Partid,"51100-KKA64",,,,,,,,,,,,,,,,,,,,
,TRACE,PartName,"Frame Model X",,,,,,,,,,,,,,,,,,,,
,TRACE,PartNumber,123456,,,,,,,,,,,,,,,,,,,,
,TRACE,ToCep,True,,,,,,,,,,,,,,,,,,,,
,FEAT_01_01R_X,"Ubicación de la dimensión (E_FEAT_01_01R)",,X,,226.2,227.8,3.0,-3.0,,1.6,0,,,,,,,,,,,
,FEAT_01_01R_Y,"Ubicación de la dimensión (E_FEAT_01_01R)",,Y,,326.0,326.6,3.0,-3.0,,0.6,0,,,,,,,,,,,
,FEAT_01_01R_Z,"Ubicación de la dimensión (E_FEAT_01_01R)",,Z,,990.2,988.8,3.0,-3.0,,-1.4,0,,,,,,,,,,,
,FEAT_01_02R_X,"Ubicación de la dimensión (E_FEAT_01_02R)",,X,,226.2,228.5,3.0,-3.0,,2.3,0,,,,,,,,,,,
,FEAT_01_02R_Y,"Ubicación de la dimensión (E_FEAT_01_02R)",,Y,,449.0,448.8,3.0,-3.0,,-0.2,0,,,,,,,,,,,
,FEAT_01_02R_Z,"Ubicación de la dimensión (E_FEAT_01_02R)",,Z,,1052.3,1051.3,3.0,-3.0,,-1.0,0,,,,,,,,,,,
,FEAT_01_01L_X,"Ubicación de la dimensión (E_FEAT_01_01L)",,X,,226.2,226.9,3.0,-3.0,,0.7,0,,,,,,,,,,,
,FEAT_01_01L_Y,"Ubicación de la dimensión (E_FEAT_01_01L)",,Y,,-326.0,-327.0,3.0,-3.0,,-1.0,0,,,,,,,,,,,
,FEAT_01_01L_Z,"Ubicación de la dimensión (E_FEAT_01_01L)",,Z,,990.2,990.0,3.0,-3.0,,-0.2,0,,,,,,,,,,,
,FEAT_01_02L_X,"Ubicación de la dimensión (E_FEAT_01_02L)",,X,,226.2,226.9,3.0,-3.0,,0.7,0,,,,,,,,,,,
,FEAT_01_02L_Y,"Ubicación de la dimensión (E_FEAT_01_02L)",,Y,,-449.0,-449.8,3.0,-3.0,,-0.8,0,,,,,,,,,,,
,FEAT_01_02L_Z,"Ubicación de la dimensión (E_FEAT_01_02L)",,Z,,1052.3,1051.4,3.0,-3.0,,-0.9,0,,,,,,,,,,,
,FEAT_01_P1_Y,"Dimensión distancia 2D (E_FEAT_01_01R,E_FEAT_01_01L)",,M,,652.0,653.6,3.0,-3.0,,1.6,0,,,,,,,,,,,
,FEAT_01_P5R_X,"Dimensión distancia 2D (E_FEAT_01_01R,E_FEAT_01_02R)",,M,,0.0,0.7,1.5,-1.5,,0.7,0,,,,,,,,,,,
,FEAT_01_P5R_Y,"Dimensión distancia 2D (E_FEAT_01_01R,E_FEAT_01_02R)",,M,,123.0,122.1,1.0,-1.0,,-0.9,0,,,,,,,,,,,
,FEAT_01_P5R_Z,"Dimensión distancia 2D (E_FEAT_01_01R,E_FEAT_01_02R)",,M,,62.1,62.5,1.0,-1.0,,0.4,0,,,,,,,,,,,
,FEAT_01_P5L_X,"Dimensión distancia 2D (E_FEAT_01_01L,E_FEAT_01_02L)",,M,,0.0,0.0,1.5,-1.5,,0.0,0,,,,,,,,,,,
,FEAT_01_P5L_Y,"Dimensión distancia 2D (E_FEAT_01_01L,E_FEAT_01_02L)",,M,,123.0,122.7,1.0,-1.0,,-0.3,0,,,,,,,,,,,
,FEAT_01_P5L_Z,"Dimensión distancia 2D (E_FEAT_01_01L,E_FEAT_01_02L)",,M,,62.1,61.4,1.0,-1.0,,-0.7,0,,,,,,,,,,,
,FEAT_01_P3R_X,"Dimensión distancia 2D (E_FEAT_01_01R,E_FEAT_02_01R)",,M,,193.8,194.3,4.0,-4.0,,0.5,0,,,,,,,,,,,
,FEAT_01_P3R_Z,"Dimensión distancia 2D (E_FEAT_01_01R,E_FEAT_02_01R)",,M,,81.2,81.8,4.0,-4.0,,0.6,0,,,,,,,,,,,
,FEAT_01_P3L_X,"Dimensión distancia 2D (E_FEAT_01_01L,E_FEAT_02_01L)",,M,,193.8,193.1,4.0,-4.0,,-0.7,0,,,,,,,,,,,
,FEAT_01_P3L_Z,"Dimensión distancia 2D (E_FEAT_01_01L,E_FEAT_02_01L)",,M,,81.2,79.6,4.0,-4.0,,-1.6,0,,,,,,,,,,,
,FEAT_02_01R_X,"Ubicación de la dimensión (E_FEAT_02_01R)",,X,,420.0,422.0,4.0,-4.0,,2.0,0,,,,,,,,,,,
,FEAT_02_01R_Y,"Ubicación de la dimensión (E_FEAT_02_01R)",,Y,,459.6,460.0,4.0,-4.0,,0.4,0,,,,,,,,,,,
,FEAT_02_01R_Z,"Ubicación de la dimensión (E_FEAT_02_01R)",,Z,,1071.4,1070.6,4.0,-4.0,,-0.8,0,,,,,,,,,,,
,FEAT_02_01L_X,"Ubicación de la dimensión (E_FEAT_02_01L)",,X,,420.0,420.1,4.0,-4.0,,0.1,0,,,,,,,,,,,
,FEAT_02_01L_Y,"Ubicación de la dimensión (E_FEAT_02_01L)",,Y,,-459.6,-460.8,4.0,-4.0,,-1.2,0,,,,,,,,,,,
,FEAT_02_01L_Z,"Ubicación de la dimensión (E_FEAT_02_01L)",,Z,,1071.4,1069.6,4.0,-4.0,,-1.8,0,,,,,,,,,,,
,FEAT_02_P1_X,"Dimensión distancia 2D (E_FEAT_02_01R,E_FEAT_02_01L)",,M,,0.0,2.0,4.0,-4.0,,2.0,0,,,,,,,,,,,
,FEAT_02_P1_Y,"Dimensión distancia 2D (E_FEAT_02_01R,E_FEAT_02_01L)",,M,,919.2,920.7,4.0,-4.0,,1.5,0,,,,,,,,,,,
,FEAT_02_02R_X,"Ubicación de la dimensión (E_FEAT_02_02R)",,X,,1527.1,1527.1,4.0,-4.0,,0.0,0,,,,,,,,,,,
,FEAT_02_02R_Y,"Ubicación de la dimensión (E_FEAT_02_02R)",,Y,,620.4,620.4,4.0,-4.0,,0.0,0,,,,,,,,,,,
,FEAT_02_02R_Z,"Ubicación de la dimensión (E_FEAT_02_02R)",,Z,,918.0,919.2,4.0,-4.0,,1.2,0,,,,,,,,,,,
,FEAT_02_02L_X,"Ubicación de la dimensión (E_FEAT_02_02L)",,X,,1527.1,1525.5,4.0,-4.0,,-1.6,0,,,,,,,,,,,
,FEAT_02_02L_Y,"Ubicación de la dimensión (E_FEAT_02_02L)",,Y,,-620.4,-622.5,4.0,-4.0,,-2.1,0,,,,,,,,,,,
,FEAT_02_02L_Z,"Ubicación de la dimensión (E_FEAT_02_02L)",,Z,,918.0,916.5,4.0,-4.0,,-1.5,0,,,,,,,,,,,
,FEAT_02_P1_Z,"Dimensión distancia 2D (E_FEAT_02_01R,E_FEAT_02_01L)",,M,,0.0,1.0,4.0,-4.0,,1.0,0,,,,,,,,,,,
,FEAT_02_P2_X,"Dimensión distancia 2D (E_FEAT_02_01R,E_FEAT_02_02R)",,M,,1107.1,1105.0,4.0,-4.0,,-2.1,0,,,,,,,,,,,
,FEAT_02_P2_Y,"Dimensión distancia 2D (E_FEAT_02_01R,E_FEAT_02_02R)",,M,,160.8,160.5,4.0,-4.0,,-0.3,0,,,,,,,,,,,
,FEAT_02_P2_Z,"Dimensión distancia 2D (E_FEAT_02_01R,E_FEAT_02_02R)",,M,,153.4,151.4,4.0,-4.0,,-2.0,0,,,,,,,,,,,
,FEAT_02_P3_X,"Dimensión distancia 2D (E_FEAT_02_01R,E_FEAT_02_02L)",,M,,1107.1,1103.5,4.0,-4.0,,-3.6,0,,,,,,,,,,,
,FEAT_02_P3_Y,"Dimensión distancia 2D (E_FEAT_02_01R,E_FEAT_02_02L)",,M,,1080.0,1082.5,4.0,-4.0,,2.5,0,,,,,,,,,,,
,FEAT_02_P10_Z,"Dimensión distancia 2D (E_FEAT_02_02R,E_FEAT_02_02L)",,M,,0.0,2.6,3.0,-3.0,,2.6,0,,,,,,,,,,,
,FEAT_02_P11_Z,"Dimensión distancia 2D (E_FEAT_02_02L,E_FEAT_02_01L)",,M,,153.4,153.1,3.0,-3.0,,-0.3,0,,,,,,,,,,,
,FEAT_02_P18_Z,,,M,,0.0,3.6,4.0,-4.0,,3.6,0,,,,,,,,,,,
,FEAT_02_03R_X,"Ubicación de la dimensión (E_FEAT_02_03R)",,X,,2695.0,2692.3,4.0,-4.0,,-2.7,0,,,,,,,,,,,
,FEAT_02_03R_Y,"Ubicación de la dimensión (E_FEAT_02_03R)",,Y,,625.0,624.9,4.0,-4.0,,-0.1,0,,,,,,,,,,,
,FEAT_02_03R_Z,"Ubicación de la dimensión (E_FEAT_02_03R)",,Z,,976.9,978.9,4.0,-4.0,,2.0,0,,,,,,,,,,,
,FEAT_02_03L_X,"Ubicación de la dimensión (E_FEAT_02_03L)",,X,,2695.0,2694.5,4.0,-4.0,,-0.5,0,,,,,,,,,,,
,FEAT_02_03L_Y,"Ubicación de la dimensión (E_FEAT_02_03L)",,Y,,-625.0,-626.5,4.0,-4.0,,-1.5,0,,,,,,,,,,,
,FEAT_02_03L_Z,"Ubicación de la dimensión (E_FEAT_02_03L)",,Z,,976.9,977.5,4.0,-4.0,,0.6,0,,,,,,,,,,,
,FEAT_02_P4_X,"Dimensión distancia 2D (E_FEAT_02_01R,E_FEAT_02_03R)",,M,,2275.0,2270.3,4.0,-4.0,,-4.7,.733249975335184,,,,,,,,,,,
,FEAT_02_P4_Y,"Dimensión distancia 2D (E_FEAT_02_01R,E_FEAT_02_03R)",,M,,165.4,164.9,4.0,-4.0,,-0.5,0,,,,,,,,,,,
,FEAT_02_P5_X,"Dimensión distancia 2D (E_FEAT_02_01R,E_FEAT_02_03L)",,M,,2275.0,2272.5,4.0,-4.0,,-2.5,0,,,,,,,,,,,
,FEAT_02_P5_Y,"Dimensión distancia 2D (E_FEAT_02_01R,E_FEAT_02_03L)",,M,,1084.6,1086.4,4.0,-4.0,,1.8,0,,,,,,,,,,,
,FEAT_02_P13_Z,"Dimensión distancia 2D (E_FEAT_02_03R,E_FEAT_02_03L)",,M,,0.0,1.3,4.0,-4.0,,1.3,0,,,,,,,,,,,
,FEAT_02_P12_Z,"Dimensión distancia 2D (E_FEAT_02_03R,E_FEAT_02_02R)",,M,,58.9,59.7,3.0,-3.0,,0.8,0,,,,,,,,,,,
,FEAT_02_P14_Z,"Dimensión distancia 2D (E_FEAT_02_03L,E_FEAT_02_02L)",,M,,58.9,61.0,3.0,-3.0,,2.1,0,,,,,,,,,,,
,FEAT_02_P19_Z,,,M,,0.0,4.0,4.0,-4.0,,4.0,0,,,,,,,,,,,
,FEAT_03_02R_X,"Ubicación de la dimensión (E_FEAT_03_02R)",,X,,4509.0,4509.4,4.0,-4.0,,0.4,0,,,,,,,,,,,
,FEAT_03_02R_Y,"Ubicación de la dimensión (E_FEAT_03_02R)",,Y,,621.5,622.6,4.0,-4.0,,1.1,0,,,,,,,,,,,
,FEAT_03_02R_Z,"Ubicación de la dimensión (E_FEAT_03_02R)",,Z,,1196.7,1197.9,4.0,-4.0,,1.2,0,,,,,,,,,,,
,FEAT_03_02L_X,"Ubicación de la dimensión (E_FEAT_03_02L)",,X,,4509.0,4508.5,4.0,-4.0,,-0.5,0,,,,,,,,,,,
,FEAT_03_02L_Y,"Ubicación de la dimensión (E_FEAT_03_02L)",,Y,,-621.5,-619.6,4.0,-4.0,,1.9,0,,,,,,,,,,,
,FEAT_03_02L_Z,"Ubicación de la dimensión (E_FEAT_03_02L)",,Z,,1196.7,1199.3,4.0,-4.0,,2.6,0,,,,,,,,,,,
,FEAT_03_03R_X,"Ubicación de la dimensión (E_FEAT_03_03R)",,X,,4930.0,4928.2,4.0,-4.0,,-1.8,0,,,,,,,,,,,
,FEAT_03_03R_Y,"Ubicación de la dimensión (E_FEAT_03_03R)",,Y,,621.5,620.4,4.0,-4.0,,-1.1,0,,,,,,,,,,,
,FEAT_03_03R_Z,"Ubicación de la dimensión (E_FEAT_03_03R)",,Z,,1200.2,1203.7,4.0,-4.0,,3.5,0,,,,,,,,,,,
,FEAT_03_03L_X,"Ubicación de la dimensión (E_FEAT_03_03L)",,X,,4930.0,4927.0,4.0,-4.0,,-3.0,0,,,,,,,,,,,
,FEAT_03_03L_Y,"Ubicación de la dimensión (E_FEAT_03_03L)",,Y,,-621.5,-619.4,4.0,-4.0,,2.1,0,,,,,,,,,,,
,FEAT_03_03L_Z,"Ubicación de la dimensión (E_FEAT_03_03L)",,Z,,1200.2,1204.3,4.0,-4.0,,4.1,.079576776825661,,,,,,,,,,,
,FEAT_03_P20_Z,"Dimensión distancia 2D (E_FEAT_03_02R,E_FEAT_03_03R)",,M,,3.5,5.8,3.0,-3.0,,2.3,0,,,,,,,,,,,
,FEAT_03_P22_Z,"Dimensión distancia 2D (E_FEAT_03_02L,E_FEAT_03_03L)",,M,,3.5,5.0,3.0,-3.0,,1.5,0,,,,,,,,,,,
,FEAT_03_04R_X,"Ubicación de la dimensión (E_FEAT_03_04R)",,X,,2982.0,2980.4,4.0,-4.0,,-1.6,0,,,,,,,,,,,
,FEAT_03_04R_Y,"Ubicación de la dimensión (E_FEAT_03_04R)",,Y,,621.5,617.7,4.0,-4.0,,-3.8,0,,,,,,,,,,,
,FEAT_03_04R_Z,"Ubicación de la dimensión (E_FEAT_03_04R)",,Z,,1200.6,1203.0,4.0,-4.0,,2.4,0,,,,,,,,,,,
,FEAT_03_04L_X,"Ubicación de la dimensión (E_FEAT_03_04L)",,X,,2982.0,2981.7,4.0,-4.0,,-0.3,0,,,,,,,,,,,
,FEAT_03_04L_Y,"Ubicación de la dimensión (E_FEAT_03_04L)",,Y,,-621.5,-619.3,4.0,-4.0,,2.2,0,,,,,,,,,,,
,FEAT_03_04L_Z,"Ubicación de la dimensión (E_FEAT_03_04L)",,Z,,1200.2,1202.2,4.0,-4.0,,2.0,0,,,,,,,,,,,
,FEAT_03_05R_X,"Ubicación de la dimensión (E_FEAT_03_05R)",,X,,3550.0,3548.7,4.0,-4.0,,-1.3,0,,,,,,,,,,,
,FEAT_03_05R_Y,"Ubicación de la dimensión (E_FEAT_03_05R)",,Y,,621.5,621.1,4.0,-4.0,,-0.4,0,,,,,,,,,,,
,FEAT_03_05R_Z,"Ubicación de la dimensión (E_FEAT_03_05R)",,Z,,1200.2,1202.7,4.0,-4.0,,2.5,0,,,,,,,,,,,
,FEAT_03_06L_X,"Ubicación de la dimensión (E_FEAT_03_06L)",,X,,3550.0,3549.3,4.0,-4.0,,-0.7,0,,,,,,,,,,,
,FEAT_03_06L_Y,"Ubicación de la dimensión (E_FEAT_03_06L)",,Y,,-621.5,-620.4,4.0,-4.0,,1.1,0,,,,,,,,,,,
,FEAT_03_06L_Z,"Ubicación de la dimensión (E_FEAT_03_06L)",,Z,,1200.2,1203.1,4.0,-4.0,,2.9,0,,,,,,,,,,,
,FEAT_03_P1_X,"Dimensión distancia 2D (E_FEAT_03_05R,E_FEAT_03_02R)",,M,,959.0,960.7,4.0,-4.0,,1.7,0,,,,,,,,,,,
,FEAT_03_P1_Y,"Dimensión distancia 2D (E_FEAT_03_05R,E_FEAT_03_02R)",,M,,0.0,1.4,4.0,-4.0,,1.4,0,,,,,,,,,,,
,FEAT_03_P1_Z,"Dimensión distancia 2D (E_FEAT_03_05R,E_FEAT_03_02R)",,M,,3.5,4.8,4.0,-4.0,,1.3,0,,,,,,,,,,,
,FEAT_03_P2_X,"Dimensión distancia 2D (E_FEAT_03_05R,E_FEAT_03_02L)",,M,,959.0,959.7,4.0,-4.0,,0.7,0,,,,,,,,,,,
,FEAT_03_P2_Y,"Dimensión distancia 2D (E_FEAT_03_05R,E_FEAT_03_02L)",,M,,1243.0,1240.7,4.0,-4.0,,-2.3,0,,,,,,,,,,,
,FEAT_03_P2_Z,"Dimensión distancia 2D (E_FEAT_03_05R,E_FEAT_03_02L)",,M,,3.5,3.4,4.0,-4.0,,-0.1,0,,,,,,,,,,,
,FEAT_03_P3_X,"Dimensión distancia 2D (E_FEAT_03_05R,E_FEAT_03_03R)",,M,,1380.0,1379.5,4.0,-4.0,,-0.5,0,,,,,,,,,,,
,FEAT_03_P3_Y,"Dimensión distancia 2D (E_FEAT_03_05R,E_FEAT_03_03R)",,M,,0.0,0.7,4.0,-4.0,,0.7,0,,,,,,,,,,,
,FEAT_03_P3_Z,"Dimensión distancia 2D (E_FEAT_03_05R,E_FEAT_03_03R)",,M,,0.0,1.0,4.0,-4.0,,1.0,0,,,,,,,,,,,
,FEAT_03_P4_X,"Dimensión distancia 2D (E_FEAT_03_05R,E_FEAT_03_03L)",,M,,1380.0,1378.2,4.0,-4.0,,-1.8,0,,,,,,,,,,,
,FEAT_03_P4_Y,"Dimensión distancia 2D (E_FEAT_03_05R,E_FEAT_03_03L)",,M,,1243.0,1240.5,4.0,-4.0,,-2.5,0,,,,,,,,,,,
,FEAT_03_P4_Z,"Dimensión distancia 2D (E_FEAT_03_05R,E_FEAT_03_03L)",,M,,0.0,1.6,4.0,-4.0,,1.6,0,,,,,,,,,,,
,FEAT_03_P5_X,"Dimensión distancia 2D (E_FEAT_03_05R,E_FEAT_03_04R)",,M,,568.0,568.3,4.0,-4.0,,0.4,0,,,,,,,,,,,
,FEAT_03_P5_Y,"Dimensión distancia 2D (E_FEAT_03_05R,E_FEAT_03_04R)",,M,,0.0,3.4,4.0,-4.0,,3.4,0,,,,,,,,,,,
,FEAT_03_P5_Z,"Dimensión distancia 2D (E_FEAT_03_05R,E_FEAT_03_04R)",,M,,0.4,0.2,4.0,-4.0,,-0.1,0,,,,,,,,,,,
,FEAT_03_P6_X,"Dimensión distancia 2D (E_FEAT_03_05R,E_FEAT_03_04L)",,M,,568.0,567.1,4.0,-4.0,,-0.9,0,,,,,,,,,,,
,FEAT_03_P6_Y,"Dimensión distancia 2D (E_FEAT_03_05R,E_FEAT_03_04L)",,M,,1243.0,1240.5,4.0,-4.0,,-2.5,0,,,,,,,,,,,
,FEAT_03_P6_Z,"Dimensión distancia 2D (E_FEAT_03_05R,E_FEAT_03_04L)",,M,,0.0,0.6,4.0,-4.0,,0.6,0,,,,,,,,,,,
,FEAT_03_P7_X,"Dimensión distancia 2D (E_FEAT_03_05R,E_FEAT_03_06L)",,M,,0.0,0.6,2.0,-2.0,,0.6,0,,,,,,,,,,,
,FEAT_03_P7_Y,"Dimensión distancia 2D (E_FEAT_03_05R,E_FEAT_03_06L)",,M,,1243.0,1241.5,4.0,-4.0,,-1.5,0,,,,,,,,,,,
,FEAT_03_P7_Z,"Dimensión distancia 2D (E_FEAT_03_05R,E_FEAT_03_06L)",,M,,0.0,0.4,4.0,-4.0,,0.4,0,,,,,,,,,,,
,FEAT_03_P8_X,"Dimensión distancia 2D (E_FEAT_03_05R,E_FEAT_02_01R)",,M,,3130.0,3126.7,4.0,-4.0,,-3.3,0,,,,,,,,,,,
,FEAT_03_P8_Y,"Dimensión distancia 2D (E_FEAT_03_05R,E_FEAT_02_01R)",,M,,161.9,161.2,4.0,-4.0,,-0.7,0,,,,,,,,,,,
,FEAT_03_P8_Z,"Dimensión distancia 2D (E_FEAT_03_05R,E_FEAT_02_01R)",,M,,128.8,132.1,4.0,-4.0,,3.3,0,,,,,,,,,,,
,FEAT_03_P23_Y,"Dimensión distancia 2D (E_FEAT_02_01R,E_FEAT_03_06L)",,M,,1081.1,1080.4,3.5,-3.5,,-0.7,0,,,,,,,,,,,
,FEAT_03_P25_Y,"Dimensión distancia 2D (E_FEAT_03_06L,E_FEAT_03_04R)",,M,,1243.0,1238.1,4.0,-4.0,,-4.9,.894106458179976,,,,,,,,,,,
,FEAT_03_P26_Y,"Dimensión distancia 2D (E_FEAT_03_06L,E_FEAT_03_04L)",,M,,0.0,1.1,4.0,-4.0,,1.1,0,,,,,,,,,,,
,FEAT_03_P27_Y,"Dimensión distancia 2D (E_FEAT_03_06L,E_FEAT_03_02R)",,M,,1243.0,1243.0,4.0,-4.0,,0.0,0,,,,,,,,,,,
,FEAT_03_P28_Y,"Dimensión distancia 2D (E_FEAT_03_06L,E_FEAT_03_02L)",,M,,0.0,0.8,4.0,-4.0,,0.8,0,,,,,,,,,,,
,FEAT_03_P28_Z,"Dimensión distancia 2D (E_FEAT_03_06L,E_FEAT_03_02L)",,M,,3.5,3.8,3.0,-3.0,,0.3,0,,,,,,,,,,,
,FEAT_03_P29_Y,"Dimensión distancia 2D (E_FEAT_03_06L,E_FEAT_03_03R)",,M,,1243.0,1240.8,5.0,-5.0,,-2.2,0,,,,,,,,,,,
,FEAT_03_P30_Y,"Dimensión distancia 2D (E_FEAT_03_06L,E_FEAT_03_03L)",,M,,0.0,1.0,5.0,-5.0,,1.0,0,,,,,,,,,,,
,FEAT_03_P31_Y,"Dimensión distancia 2D (E_FEAT_03_06L,E_FEAT_02_03L)",,M,,3.5,6.0,3.0,-3.0,,2.5,0,,,,,,,,,,,
,FEAT_04_01R_X,"Ubicación de la dimensión (E_FEAT_04_01R)",,X,,953.0,954.0,4.0,-4.0,,1.0,0,,,,,,,,,,,
,FEAT_04_01R_Y,"Ubicación de la dimensión (E_FEAT_04_01R)",,Y,,458.8,458.2,4.0,-4.0,,-0.6,0,,,,,,,,,,,
,FEAT_04_01R_Z,"Ubicación de la dimensión (E_FEAT_04_01R)",,Z,,1291.1,1292.1,3.0,-3.0,,1.0,0,,,,,,,,,,,
,FEAT_04_01L_X,"Ubicación de la dimensión (E_FEAT_04_01L)",,X,,953.0,954.4,4.0,-4.0,,1.4,0,,,,,,,,,,,
,FEAT_04_01L_Y,"Ubicación de la dimensión (E_FEAT_04_01L)",,Y,,-458.8,-456.9,4.0,-4.0,,1.9,0,,,,,,,,,,,
,FEAT_04_01L_Z,"Ubicación de la dimensión (E_FEAT_04_01L)",,Z,,1291.1,1292.3,3.0,-3.0,,1.2,0,,,,,,,,,,,
,FEAT_04_02R_X,"Ubicación de la dimensión (E_FEAT_04_02R)",,X,,953.0,953.9,4.0,-4.0,,0.9,0,,,,,,,,,,,
,FEAT_04_02R_Y,"Ubicación de la dimensión (E_FEAT_04_02R)",,Y,,407.3,407.2,4.0,-4.0,,0.0,0,,,,,,,,,,,
,FEAT_04_02R_Z,"Ubicación de la dimensión (E_FEAT_04_02R)",,Z,,1277.0,1276.8,3.0,-3.0,,-0.2,0,,,,,,,,,,,
,FEAT_04_03R_X,"Ubicación de la dimensión (E_FEAT_04_03R)",,X,,907.1,908.6,4.0,-4.0,,1.5,0,,,,,,,,,,,
,FEAT_04_03R_Y,"Ubicación de la dimensión (E_FEAT_04_03R)",,Y,,486.0,486.4,4.0,-4.0,,0.4,0,,,,,,,,,,,
,FEAT_04_03R_Z,"Ubicación de la dimensión (E_FEAT_04_03R)",,Z,,1288.1,1288.1,3.0,-3.0,,0.0,0,,,,,,,,,,,
,FEAT_04_04R_X,"Ubicación de la dimensión (E_FEAT_04_04R)",,X,,998.9,1000.4,4.0,-4.0,,1.5,0,,,,,,,,,,,
,FEAT_04_04R_Y,"Ubicación de la dimensión (E_FEAT_04_04R)",,Y,,486.0,485.5,4.0,-4.0,,-0.5,0,,,,,,,,,,,
,FEAT_04_04R_Z,"Ubicación de la dimensión (E_FEAT_04_04R)",,Z,,1288.1,1287.8,3.0,-3.0,,-0.3,0,,,,,,,,,,,
,FEAT_04_02L_X,"Ubicación de la dimensión (E_FEAT_04_02L)",,X,,953.0,954.5,4.0,-4.0,,1.5,0,,,,,,,,,,,
,FEAT_04_02L_Y,"Ubicación de la dimensión (E_FEAT_04_02L)",,Y,,-407.3,-406.2,4.0,-4.0,,1.1,0,,,,,,,,,,,
,FEAT_04_02L_Z,"Ubicación de la dimensión (E_FEAT_04_02L)",,Z,,1277.0,1276.3,3.0,-3.0,,-0.7,0,,,,,,,,,,,
,FEAT_04_03L_X,"Ubicación de la dimensión (E_FEAT_04_03L)",,X,,907.1,909.0,4.0,-4.0,,1.9,0,,,,,,,,,,,
,FEAT_04_03L_Y,"Ubicación de la dimensión (E_FEAT_04_03L)",,Y,,-486.0,-484.8,4.0,-4.0,,1.2,0,,,,,,,,,,,
,FEAT_04_03L_Z,"Ubicación de la dimensión (E_FEAT_04_03L)",,Z,,1288.1,1289.0,3.0,-3.0,,0.9,0,,,,,,,,,,,
,FEAT_04_04L_X,"Ubicación de la dimensión (E_FEAT_04_04L)",,X,,998.9,1000.8,4.0,-4.0,,1.9,0,,,,,,,,,,,
,FEAT_04_04L_Y,"Ubicación de la dimensión (E_FEAT_04_04L)",,Y,,-486.0,-484.6,4.0,-4.0,,1.4,0,,,,,,,,,,,
,FEAT_04_04L_Z,"Ubicación de la dimensión (E_FEAT_04_04L)",,Z,,1288.1,1287.8,3.0,-3.0,,-0.3,0,,,,,,,,,,,
,FEAT_05_01R_X,"Ubicación de la dimensión (E_FEAT_05_01R)",,X,,864.8,866.7,4.0,-4.0,,1.9,0,,,,,,,,,,,
,FEAT_05_01R_Y,"Ubicación de la dimensión (E_FEAT_05_01R)",,Y,,389.2,389.2,3.0,-3.0,,0.0,0,,,,,,,,,,,
,FEAT_05_01R_Z,"Ubicación de la dimensión (E_FEAT_05_01R)",,Z,,1241.5,1239.8,3.0,-3.0,,-1.7,0,,,,,,,,,,,
,FEAT_05_02R_X,"Ubicación de la dimensión (E_FEAT_05_02R)",,X,,1045.8,1047.4,4.0,-4.0,,1.6,0,,,,,,,,,,,
,FEAT_05_02R_Y,"Ubicación de la dimensión (E_FEAT_05_02R)",,Y,,389.2,389.2,3.0,-3.0,,0.0,0,,,,,,,,,,,
,FEAT_05_02R_Z,"Ubicación de la dimensión (E_FEAT_05_02R)",,Z,,1194.5,1192.3,3.0,-3.0,,-2.2,0,,,,,,,,,,,
,FEAT_05_01L_X,"Ubicación de la dimensión (E_FEAT_05_01L)",,X,,864.8,865.7,4.0,-4.0,,0.9,0,,,,,,,,,,,
,FEAT_05_01L_Y,"Ubicación de la dimensión (E_FEAT_05_01L)",,Y,,-389.2,-389.0,3.0,-3.0,,0.2,0,,,,,,,,,,,
,FEAT_05_01L_Z,"Ubicación de la dimensión (E_FEAT_05_01L)",,Z,,1241.5,1240.2,3.0,-3.0,,-1.3,0,,,,,,,,,,,
,FEAT_05_02L_X,"Ubicación de la dimensión (E_FEAT_05_02L)",,X,,1045.8,1046.1,3.0,-3.0,,0.3,0,,,,,,,,,,,
,FEAT_05_02L_Y,"Ubicación de la dimensión (E_FEAT_05_02L)",,Y,,-389.2,-390.0,3.0,-3.0,,-0.8,0,,,,,,,,,,,
,FEAT_05_02L_Z,"Ubicación de la dimensión (E_FEAT_05_02L)",,Z,,1194.5,1191.5,3.0,-3.0,,-3.0,0,,,,,,,,,,,
,FEAT_05_P1R_Y,"Dimensión distancia 2D (E_FEAT_05_01R,E_FEAT_05_02R)",,M,,0.0,0.1,2.0,-2.0,,0.1,0,,,,,,,,,,,
,FEAT_05_P1R_Z,"Dimensión distancia 2D (E_FEAT_05_01R,E_FEAT_05_02R)",,M,,47.0,47.5,2.0,-2.0,,0.5,0,,,,,,,,,,,
,FEAT_05_P1L_Y,"Dimensión distancia 2D (E_FEAT_05_01L,E_FEAT_05_02L)",,M,,0.0,1.0,2.0,-2.0,,1.0,0,,,,,,,,,,,
,FEAT_05_P1L_Z,"Dimensión distancia 2D (E_FEAT_05_01L,E_FEAT_05_02L)",,M,,47.0,48.6,2.0,-2.0,,1.7,0,,,,,,,,,,,
,FEAT_06_01R_X,"Ubicación de la dimensión (E_FEAT_06_01R)",,X,,851.8,853.1,3.0,-3.0,,1.3,0,,,,,,,,,,,
,FEAT_06_01R_Y,"Ubicación de la dimensión (E_FEAT_06_01R)",,Y,,266.8,267.2,3.0,-3.0,,0.4,0,,,,,,,,,,,
,FEAT_06_01R_Z,"Ubicación de la dimensión (E_FEAT_06_01R)",,Z,,1114.0,1116.6,3.0,-3.0,,2.6,0,,,,,,,,,,,
,FEAT_06_03R_X,"Ubicación de la dimensión (E_FEAT_06_03R)",,X,,952.5,953.1,3.0,-3.0,,0.6,0,,,,,,,,,,,
,FEAT_06_03R_Y,"Ubicación de la dimensión (E_FEAT_06_03R)",,Y,,266.8,266.0,3.0,-3.0,,-0.8,0,,,,,,,,,,,
,FEAT_06_03R_Z,"Ubicación de la dimensión (E_FEAT_06_03R)",,Z,,1106.1,1104.6,3.0,-3.0,,-1.5,0,,,,,,,,,,,
,FEAT_06_04L_X,"Ubicación de la dimensión (E_FEAT_06_04L)",,X,,851.8,851.1,3.0,-3.0,,-0.7,0,,,,,,,,,,,
,FEAT_06_04L_Y,"Ubicación de la dimensión (E_FEAT_06_04L)",,Y,,-246.8,-246.0,3.0,-3.0,,0.8,0,,,,,,,,,,,
,FEAT_06_04L_Z,"Ubicación de la dimensión (E_FEAT_06_04L)",,Z,,1114.0,1111.8,3.0,-3.0,,-2.3,0,,,,,,,,,,,
,FEAT_06_06L_X,"Ubicación de la dimensión (E_FEAT_06_06L)",,X,,952.5,951.6,3.0,-3.0,,-0.9,0,,,,,,,,,,,
,FEAT_06_06L_Y,"Ubicación de la dimensión (E_FEAT_06_06L)",,Y,,-246.8,-246.2,3.0,-3.0,,0.6,0,,,,,,,,,,,
,FEAT_06_06L_Z,"Ubicación de la dimensión (E_FEAT_06_06L)",,Z,,1106.1,1103.0,3.0,-3.0,,-3.1,.101004572821694,,,,,,,,,,,
,FEAT_06_P1_X,"Dimensión distancia 2D (E_FEAT_06_01R,E_FEAT_06_03R)",,M,,100.7,99.9,3.0,-3.0,,-0.7,0,,,,,,,,,,,
,FEAT_06_P1_Y,"Dimensión distancia 2D (E_FEAT_06_01R,E_FEAT_06_03R)",,M,,0.0,1.2,3.0,-3.0,,1.2,0,,,,,,,,,,,
,FEAT_06_P1_Z,"Dimensión distancia 2D (E_FEAT_06_01R,E_FEAT_06_03R)",,M,,7.9,12.0,3.0,-3.0,,4.1,1.08186087273725,,,,,,,,,,,
,FEAT_06_P2_Y,"Dimensión distancia 2D (E_FEAT_06_02R,E_FEAT_06_05L)",,M,,510.7,509.8,4.0,-4.0,,-0.9,0,,,,,,,,,,,
,FEAT_06_P3_X,"Dimensión distancia 2D (E_FEAT_06_04L,E_FEAT_06_06L)",,M,,100.7,100.5,3.0,-3.0,,-0.2,0,,,,,,,,,,,
,FEAT_06_P3_Y,"Dimensión distancia 2D (E_FEAT_06_04L,E_FEAT_06_06L)",,M,,0.0,0.2,3.0,-3.0,,0.2,0,,,,,,,,,,,
,FEAT_06_P3_Z,"Dimensión distancia 2D (E_FEAT_06_04L,E_FEAT_06_06L)",,M,,7.9,8.8,3.0,-3.0,,0.8,0,,,,,,,,,,,
,FEAT_07_01R_X,"Ubicación de la dimensión (E_FEAT_07_01R)",,X,,725.7,727.4,3.0,-3.0,,1.7,0,,,,,,,,,,,
,FEAT_07_01R_Y,"Ubicación de la dimensión (E_FEAT_07_01R)",,Y,,340.3,341.0,3.0,-3.0,,0.7,0,,,,,,,,,,,
,FEAT_07_01R_Z,"Ubicación de la dimensión (E_FEAT_07_01R)",,Z,,777.7,776.2,3.0,-3.0,,-1.5,0,,,,,,,,,,,
,FEAT_07_03R_X,"Ubicación de la dimensión (E_FEAT_07_03R)",,X,,814.4,815.9,3.0,-3.0,,1.5,0,,,,,,,,,,,
,FEAT_07_03R_Y,"Ubicación de la dimensión (E_FEAT_07_03R)",,Y,,340.0,340.5,3.0,-3.0,,0.5,0,,,,,,,,,,,
,FEAT_07_03R_Z,"Ubicación de la dimensión (E_FEAT_07_03R)",,Z,,780.4,778.4,3.0,-3.0,,-2.0,0,,,,,,,,,,,
,FEAT_07_04R_X,"Ubicación de la dimensión (E_FEAT_07_04R)",,X,,1083.7,1084.5,3.0,-3.0,,0.9,0,,,,,,,,,,,
,FEAT_07_04R_Y,"Ubicación de la dimensión (E_FEAT_07_04R)",,Y,,339.9,338.8,3.0,-3.0,,-1.1,0,,,,,,,,,,,
,FEAT_07_04R_Z,"Ubicación de la dimensión (E_FEAT_07_04R)",,Z,,788.8,784.4,3.0,-3.0,,-4.4,1.3950830627075,,,,,,,,,,,
,FEAT_07_06R_X,"Ubicación de la dimensión (E_FEAT_07_06R)",,X,,1189.2,1190.5,3.0,-3.0,,1.3,0,,,,,,,,,,,
,FEAT_07_06R_Y,"Ubicación de la dimensión (E_FEAT_07_06R)",,Y,,339.9,338.8,3.0,-3.0,,-1.1,0,,,,,,,,,,,
,FEAT_07_06R_Z,"Ubicación de la dimensión (E_FEAT_07_06R)",,Z,,791.9,786.8,3.0,-3.0,,-5.1,2.14142764045323,,,,,,,,,,,
,FEAT_07_01L_X,"Ubicación de la dimensión (E_FEAT_07_01L)",,X,,725.7,725.9,3.0,-3.0,,0.2,0,,,,,,,,,,,
,FEAT_07_01L_Y,"Ubicación de la dimensión (E_FEAT_07_01L)",,Y,,-340.2,-339.8,3.0,-3.0,,0.4,0,,,,,,,,,,,
,FEAT_07_01L_Z,"Ubicación de la dimensión (E_FEAT_07_01L)",,Z,,777.7,776.3,3.0,-3.0,,-1.5,0,,,,,,,,,,,
,FEAT_07_03L_X,"Ubicación de la dimensión (E_FEAT_07_03L)",,X,,814.4,814.8,3.0,-3.0,,0.4,0,,,,,,,,,,,
,FEAT_07_03L_Y,"Ubicación de la dimensión (E_FEAT_07_03L)",,Y,,-340.0,-339.7,3.0,-3.0,,0.3,0,,,,,,,,,,,
,FEAT_07_03L_Z,"Ubicación de la dimensión (E_FEAT_07_03L)",,Z,,780.4,778.5,3.0,-3.0,,-1.9,0,,,,,,,,,,,
,FEAT_07_07L_X,"Ubicación de la dimensión (E_FEAT_07_07L)",,X,,1083.5,1083.5,3.0,-3.0,,0.0,0,,,,,,,,,,,
,FEAT_07_07L_Y,"Ubicación de la dimensión (E_FEAT_07_07L)",,Y,,-339.9,-340.3,3.0,-3.0,,-0.4,0,,,,,,,,,,,
,FEAT_07_07L_Z,"Ubicación de la dimensión (E_FEAT_07_07L)",,Z,,788.8,786.5,3.0,-3.0,,-2.3,0,,,,,,,,,,,
,FEAT_07_08L_X,"Ubicación de la dimensión (E_FEAT_07_08L)",,X,,1189.4,1189.4,3.0,-3.0,,0.1,0,,,,,,,,,,,
,FEAT_07_08L_Y,"Ubicación de la dimensión (E_FEAT_07_08L)",,Y,,-339.9,-341.2,3.0,-3.0,,-1.3,0,,,,,,,,,,,
,FEAT_07_08L_Z,"Ubicación de la dimensión (E_FEAT_07_08L)",,Z,,792.0,789.1,3.0,-3.0,,-2.9,0,,,,,,,,,,,
,FEAT_07_02R_X,"Ubicación de la dimensión (E_FEAT_07_02R)",,X,,770.3,771.9,3.0,-3.0,,1.6,0,,,,,,,,,,,
,FEAT_07_02R_Y,"Ubicación de la dimensión (E_FEAT_07_02R)",,Y,,292.8,292.9,3.0,-3.0,,0.1,0,,,,,,,,,,,
,FEAT_07_02R_Z,"Ubicación de la dimensión (E_FEAT_07_02R)",,Z,,767.2,765.7,3.0,-3.0,,-1.5,0,,,,,,,,,,,
,FEAT_07_13L_X,"Ubicación de la dimensión (E_FEAT_07_13L)",,X,,770.3,770.9,3.0,-3.0,,0.6,0,,,,,,,,,,,
,FEAT_07_13L_Y,"Ubicación de la dimensión (E_FEAT_07_13L)",,Y,,-292.8,-291.3,3.0,-3.0,,1.4,0,,,,,,,,,,,
,FEAT_07_13L_Z,"Ubicación de la dimensión (E_FEAT_07_13L)",,Z,,767.2,766.1,3.0,-3.0,,-1.1,0,,,,,,,,,,,
,FEAT_07_05R_X,"Ubicación de la dimensión (E_FEAT_07_05R)",,X,,1136.6,1137.7,3.0,-3.0,,1.1,0,,,,,,,,,,,
,FEAT_07_05R_Y,"Ubicación de la dimensión (E_FEAT_07_05R)",,Y,,282.9,281.9,3.0,-3.0,,-1.0,0,,,,,,,,,,,
,FEAT_07_05R_Z,"Ubicación de la dimensión (E_FEAT_07_05R)",,Z,,761.3,757.6,3.0,-3.0,,-3.7,.661258442256099,,,,,,,,,,,
,FEAT_07_14L_X,"Ubicación de la dimensión (E_FEAT_07_14L)",,X,,1136.6,1137.6,3.0,-3.0,,1.0,0,,,,,,,,,,,
,FEAT_07_14L_Y,"Ubicación de la dimensión (E_FEAT_07_14L)",,Y,,-282.9,-284.1,3.0,-3.0,,-1.3,0,,,,,,,,,,,
,FEAT_07_14L_Z,"Ubicación de la dimensión (E_FEAT_07_14L)",,Z,,761.3,758.9,3.0,-3.0,,-2.4,0,,,,,,,,,,,
,FEAT_07_P1R_X,"Dimensión distancia 2D (E_FEAT_07_P1R_1,E_FEAT_07_P1R_2)",,M,,76.1,75.9,4.0,3.0,,-0.1,3.11207481847316,,,,,,,,,,,
,FEAT_07_P1R_Y,"Dimensión distancia 2D (E_FEAT_07_01R,E_FEAT_07_03R)",,M,,0.3,0.5,1.5,-1.5,,0.2,0,,,,,,,,,,,
,FEAT_07_P1R_Z,"Dimensión distancia 2D (E_FEAT_07_01R,E_FEAT_07_03R)",,M,,2.6,2.2,1.5,-1.5,,-0.5,0,,,,,,,,,,,
,FEAT_07_P1L_X,"Dimensión distancia 2D (E_FEAT_07_P1L_1,E_FEAT_07_P1L_2)",,M,,76.1,76.1,4.0,3.0,,0.1,2.91908265067582,,,,,,,,,,,
,FEAT_07_P1L_Y,"Dimensión distancia 2D (E_FEAT_07_01L,E_FEAT_07_03L)",,M,,0.2,0.2,1.5,-1.5,,0.0,0,,,,,,,,,,,
,FEAT_07_P1L_Z,"Dimensión distancia 2D (E_FEAT_07_01L,E_FEAT_07_03L)",,M,,2.6,2.2,1.5,-1.5,,-0.4,0,,,,,,,,,,,
,FEAT_07_P2_X,"Dimensión distancia 2D (E_FEAT_07_09R,E_FEAT_07_10R)",,M,,366.3,365.7,3.0,-3.0,,-0.6,0,,,,,,,,,,,
,FEAT_07_P3_X,"Dimensión distancia 2D (E_FEAT_07_11L,E_FEAT_07_12L)",,M,,366.3,366.0,3.0,-3.0,,-0.3,0,,,,,,,,,,,
,FEAT_07_P4_X,"Dimensión distancia 2D (E_FEAT_07_09R,E_FEAT_05_01R)",,M,,94.7,95.0,3.0,-3.0,,0.2,0,,,,,,,,,,,
,FEAT_07_P4_Y,"Dimensión distancia 2D (E_FEAT_07_09R,E_FEAT_05_01R)",,M,,48.9,48.3,3.0,-3.0,,-0.6,0,,,,,,,,,,,
,FEAT_07_P4_Z,"Dimensión distancia 2D (E_FEAT_07_09R,E_FEAT_05_01R)",,M,,462.6,462.6,3.0,-3.0,,0.1,0,,,,,,,,,,,
,FEAT_07_P5_X,"Dimensión distancia 2D (E_FEAT_07_11L,E_FEAT_05_01L)",,M,,94.7,95.5,3.0,-3.0,,0.8,0,,,,,,,,,,,
,FEAT_07_P5_Y,"Dimensión distancia 2D (E_FEAT_07_11L,E_FEAT_05_01L)",,M,,48.9,49.0,3.0,-3.0,,0.1,0,,,,,,,,,,,
,FEAT_07_P5_Z,"Dimensión distancia 2D (E_FEAT_07_11L,E_FEAT_05_01L)",,M,,462.6,462.9,3.0,-3.0,,0.4,0,,,,,,,,,,,
,FEAT_07_P6_X,"Dimensión distancia 2D (E_FEAT_07_09R,E_FEAT_04_01R)",,M,,182.9,182.2,3.0,-3.0,,-0.7,0,,,,,,,,,,,
,FEAT_07_P6_Y,"Dimensión distancia 2D (E_FEAT_07_09R,E_FEAT_04_01R)",,M,,118.5,117.4,3.0,-3.0,,-1.1,0,,,,,,,,,,,
,FEAT_07_P6_Z,"Dimensión distancia 2D (E_FEAT_07_09R,E_FEAT_04_01R)",,M,,512.2,514.9,3.0,-3.0,,2.7,0,,,,,,,,,,,
,FEAT_07_P7_X,"Dimensión distancia 2D (E_FEAT_07_11L,E_FEAT_04_01L)",,M,,182.9,184.2,3.0,-3.0,,1.2,0,,,,,,,,,,,
,FEAT_07_P7_Y,"Dimensión distancia 2D (E_FEAT_07_11L,E_FEAT_04_01L)",,M,,118.5,116.9,3.0,-3.0,,-1.6,0,,,,,,,,,,,
,FEAT_07_P7_Z,"Dimensión distancia 2D (E_FEAT_07_11L,E_FEAT_04_01L)",,M,,512.2,515.1,3.0,-3.0,,2.9,0,,,,,,,,,,,
,FEAT_07_P8_X,"Dimensión distancia 2D (E_FEAT_07_P8_1,E_FEAT_07_P8_2)",,M,,94.2,94.3,5.7,4.7,,0.1,4.59399296693045,,,,,,,,,,,
,FEAT_07_P8_Y,"Dimensión distancia 2D (E_FEAT_07_04R,E_FEAT_07_06R)",,M,,0.0,0.0,1.5,-1.5,,0.0,0,,,,,,,,,,,
,FEAT_07_P8_Z,"Dimensión distancia 2D (E_FEAT_07_04R,E_FEAT_07_06R)",,M,,3.2,2.4,1.5,-1.5,,-0.7,0,,,,,,,,,,,
,FEAT_07_P9_X,"Dimensión distancia 2D (E_FEAT_07_P9_1,E_FEAT_07_P9_2)",,M,,94.1,94.8,5.7,4.7,,0.7,4.04551530604699,,,,,,,,,,,
,FEAT_07_P9_Y,"Dimensión distancia 2D (E_FEAT_07_07L,E_FEAT_07_08L)",,M,,0.0,0.9,1.5,-1.5,,0.9,0,,,,,,,,,,,
,FEAT_07_P9_Z,"Dimensión distancia 2D (E_FEAT_07_07L,E_FEAT_07_08L)",,M,,3.2,2.6,1.5,-1.5,,-0.6,0,,,,,,,,,,,
,FEAT_07_P10_Z,"Dimensión distancia 2D (E_FEAT_07_09R,E_FEAT_04_02R)",,M,,498.1,499.7,3.0,-3.0,,1.6,0,,,,,,,,,,,
,FEAT_07_P11_Z,"Dimensión distancia 2D (E_FEAT_07_11L,E_FEAT_04_02L)",,M,,498.1,499.1,3.0,-3.0,,1.0,0,,,,,,,,,,,
,FEAT_07_09R_X,"Ubicación de la dimensión (E_FEAT_07_09R)",,X,,770.1,771.7,3.0,-3.0,,1.6,0,,,,,,,,,,,
,FEAT_07_09R_Y,"Ubicación de la dimensión (E_FEAT_07_09R)",,Y,,340.3,340.9,3.0,-3.0,,0.6,0,,,,,,,,,,,
,FEAT_07_09R_Z,"Ubicación de la dimensión (E_FEAT_07_09R)",,Z,,778.9,777.1,3.0,-3.0,,-1.8,0,,,,,,,,,,,
,FEAT_07_10R_X,"Ubicación de la dimensión (E_FEAT_07_10R)",,X,,1136.4,1137.4,3.0,-3.0,,1.0,0,,,,,,,,,,,
,FEAT_07_10R_Y,"Ubicación de la dimensión (E_FEAT_07_10R)",,Y,,340.3,339.2,3.0,-3.0,,-1.1,0,,,,,,,,,,,
,FEAT_07_10R_Z,"Ubicación de la dimensión (E_FEAT_07_10R)",,Z,,790.1,785.3,3.0,-3.0,,-4.8,1.75004716258763,,,,,,,,,,,
,FEAT_07_11L_X,"Ubicación de la dimensión (E_FEAT_07_11L)",,X,,770.1,770.2,3.0,-3.0,,0.2,0,,,,,,,,,,,
,FEAT_07_11L_Y,"Ubicación de la dimensión (E_FEAT_07_11L)",,Y,,-340.3,-340.0,3.0,-3.0,,0.3,0,,,,,,,,,,,
,FEAT_07_11L_Z,"Ubicación de la dimensión (E_FEAT_07_11L)",,Z,,778.9,777.2,3.0,-3.0,,-1.7,0,,,,,,,,,,,
,FEAT_07_12L_X,"Ubicación de la dimensión (E_FEAT_07_12L)",,X,,1136.4,1136.2,3.0,-3.0,,-0.2,0,,,,,,,,,,,
,FEAT_07_12L_Y,"Ubicación de la dimensión (E_FEAT_07_12L)",,Y,,-340.3,-341.1,3.0,-3.0,,-0.8,0,,,,,,,,,,,
,FEAT_07_12L_Z,"Ubicación de la dimensión (E_FEAT_07_12L)",,Z,,790.1,787.5,3.0,-3.0,,-2.6,0,,,,,,,,,,,
,FEAT_08_01R_X,"Ubicación de la dimensión (E_FEAT_08_01R)",,X,,3380.0,3378.5,3.0,-3.0,,-1.5,0,,,,,,,,,,,
,FEAT_08_01R_Y,"Ubicación de la dimensión (E_FEAT_08_01R)",,Y,,523.0,523.9,3.0,-3.0,,0.9,0,,,,,,,,,,,
,FEAT_08_01R_Z,"Ubicación de la dimensión (E_FEAT_08_01R)",,Z,,856.0,855.1,3.0,-3.0,,-0.9,0,,,,,,,,,,,
,FEAT_08_02R_X,"Ubicación de la dimensión (E_FEAT_08_02R)",,X,,3380.0,3378.6,3.0,-3.0,,-1.4,0,,,,,,,,,,,
,FEAT_08_02R_Y,"Ubicación de la dimensión (E_FEAT_08_02R)",,Y,,597.0,598.0,3.0,-3.0,,1.1,0,,,,,,,,,,,
,FEAT_08_02R_Z,"Ubicación de la dimensión (E_FEAT_08_02R)",,Z,,856.0,855.6,3.0,-3.0,,-0.4,0,,,,,,,,,,,
,FEAT_08_01R_SIM_02R_X,"Ubicación de la dimensión (E_FEAT_08_01R_SIM_02R)",,X,,3380.0,3378.6,3.0,-3.0,,-1.4,0,,,,,,,,,,,
,FEAT_08_01R_SIM_02R_Y,"Ubicación de la dimensión (E_FEAT_08_01R_SIM_02R)",,Y,,560.0,561.0,3.0,-3.0,,1.0,0,,,,,,,,,,,
,FEAT_08_01R_SIM_02R_Z,"Ubicación de la dimensión (E_FEAT_08_01R_SIM_02R)",,Z,,856.0,855.4,3.0,-3.0,,-0.6,0,,,,,,,,,,,
,FEAT_08_01L_X,"Ubicación de la dimensión (E_FEAT_08_01L)",,X,,3380.0,3378.7,3.0,-3.0,,-1.3,0,,,,,,,,,,,
,FEAT_08_01L_Y,"Ubicación de la dimensión (E_FEAT_08_01L)",,Y,,-523.0,-524.5,3.0,-3.0,,-1.5,0,,,,,,,,,,,
,FEAT_08_01L_Z,"Ubicación de la dimensión (E_FEAT_08_01L)",,Z,,856.0,854.7,3.0,-3.0,,-1.3,0,,,,,,,,,,,
,FEAT_08_02L_X,"Ubicación de la dimensión (E_FEAT_08_02L)",,X,,3380.0,3379.1,3.0,-3.0,,-0.9,0,,,,,,,,,,,
,FEAT_08_02L_Y,"Ubicación de la dimensión (E_FEAT_08_02L)",,Y,,-597.0,-598.6,3.0,-3.0,,-1.7,0,,,,,,,,,,,
,FEAT_08_02L_Z,"Ubicación de la dimensión (E_FEAT_08_02L)",,Z,,856.0,854.6,3.0,-3.0,,-1.4,0,,,,,,,,,,,
,FEAT_08_01L_SIM_02L_X,"Ubicación de la dimensión (E_FEAT_08_01L_SIM_02L)",,X,,3380.0,3378.9,3.0,-3.0,,-1.1,0,,,,,,,,,,,
,FEAT_08_01L_SIM_02L_Y,"Ubicación de la dimensión (E_FEAT_08_01L_SIM_02L)",,Y,,-560.0,-561.6,3.0,-3.0,,-1.6,0,,,,,,,,,,,
,FEAT_08_01L_SIM_02L_Z,"Ubicación de la dimensión (E_FEAT_08_01L_SIM_02L)",,Z,,856.0,854.6,3.0,-3.0,,-1.4,0,,,,,,,,,,,
,FEAT_08_P1R_X,"Dimensión distancia 2D (E_FEAT_08_01R,E_FEAT_08_02R)",,M,,0.0,0.1,3.5,-3.5,,0.1,0,,,,,,,,,,,
,FEAT_08_P1R_Y,"Dimensión distancia 2D (E_FEAT_08_01R,E_FEAT_08_02R)",,M,,73.4,74.1,1.0,0.0,,0.7,0,,,,,,,,,,,
,FEAT_08_P1R_Z,"Dimensión distancia 2D (E_FEAT_08_01R,E_FEAT_08_02R)",,M,,0.0,0.5,3.5,-3.5,,0.5,0,,,,,,,,,,,
,FEAT_08_P1L_X,"Dimensión distancia 2D (E_FEAT_08_01L,E_FEAT_08_02L)",,M,,0.0,0.4,3.5,-3.5,,0.4,0,,,,,,,,,,,
,FEAT_08_P1L_Y,"Dimensión distancia 2D (E_FEAT_08_01L,E_FEAT_08_02L)",,M,,73.4,74.1,1.0,0.0,,0.7,0,,,,,,,,,,,
,FEAT_08_P1L_Z,"Dimensión distancia 2D (E_FEAT_08_01L,E_FEAT_08_02L)",,M,,0.0,0.1,3.5,-3.5,,0.1,0,,,,,,,,,,,
,FEAT_08_P2_Y,"Dimensión distancia 2D (E_FEAT_08_01R_SIM_02R,E_FEAT_08_01L_SIM_02L)",,M,,1120.0,1122.6,3.0,-3.0,,2.6,0,,,,,,,,,,,
,FEAT_A1_01R_X,"Ubicación de la dimensión (E_FEAT_A1_01R)",,X,,4715.0,4716.1,3.0,-3.0,,1.1,0,,,,,,,,,,,
,FEAT_A1_01R_Y,"Ubicación de la dimensión (E_FEAT_A1_01R)",,Y,,500.0,500.6,3.0,-3.0,,0.6,0,,,,,,,,,,,
,FEAT_A1_01R_Z,"Ubicación de la dimensión (E_FEAT_A1_01R)",,Z,,1080.0,1081.7,3.0,-3.0,,1.7,0,,,,,,,,,,,
,FEAT_A1_02R_X,"Ubicación de la dimensión (E_FEAT_A1_02R)",,X,,4715.0,4714.7,3.0,-3.0,,-0.3,0,,,,,,,,,,,
,FEAT_A1_02R_Y,"Ubicación de la dimensión (E_FEAT_A1_02R)",,Y,,590.0,590.6,3.0,-3.0,,0.6,0,,,,,,,,,,,
,FEAT_A1_02R_Z,"Ubicación de la dimensión (E_FEAT_A1_02R)",,Z,,1080.0,1082.1,3.0,-3.0,,2.1,0,,,,,,,,,,,
,FEAT_A1_01R_SIM_02R_X,"Ubicación de la dimensión (E_FEAT_A1_01R_SIM_02R)",,X,,4715.0,4715.4,3.0,-3.0,,0.4,0,,,,,,,,,,,
,FEAT_A1_01R_SIM_02R_Y,"Ubicación de la dimensión (E_FEAT_A1_01R_SIM_02R)",,Y,,545.0,545.6,3.0,-3.0,,0.6,0,,,,,,,,,,,
,FEAT_A1_01R_SIM_02R_Z,"Ubicación de la dimensión (E_FEAT_A1_01R_SIM_02R)",,Z,,1080.0,1081.9,3.0,-3.0,,1.9,0,,,,,,,,,,,
,FEAT_A1_01L_X,"Ubicación de la dimensión (E_FEAT_A1_01L)",,X,,4715.0,4712.4,3.0,-3.0,,-2.6,0,,,,,,,,,,,
,FEAT_A1_01L_Y,"Ubicación de la dimensión (E_FEAT_A1_01L)",,Y,,-500.0,-501.0,3.0,-3.0,,-1.0,0,,,,,,,,,,,
,FEAT_A1_01L_Z,"Ubicación de la dimensión (E_FEAT_A1_01L)",,Z,,1080.0,1080.5,3.0,-3.0,,0.5,0,,,,,,,,,,,
,FEAT_A1_02L_X,"Ubicación de la dimensión (E_FEAT_A1_02L)",,X,,4715.0,4712.1,3.0,-3.0,,-2.9,0,,,,,,,,,,,
,FEAT_A1_02L_Y,"Ubicación de la dimensión (E_FEAT_A1_02L)",,Y,,-590.0,-590.9,3.0,-3.0,,-0.9,0,,,,,,,,,,,
,FEAT_A1_02L_Z,"Ubicación de la dimensión (E_FEAT_A1_02L)",,Z,,1080.0,1083.6,3.0,-3.0,,3.6,.574713624128663,,,,,,,,,,,
,FEAT_A1_01L_SIM_02L_X,"Ubicación de la dimensión (E_FEAT_A1_01L_SIM_02L)",,X,,4715.0,4712.2,3.0,-3.0,,-2.8,0,,,,,,,,,,,
,FEAT_A1_01L_SIM_02L_Y,"Ubicación de la dimensión (E_FEAT_A1_01L_SIM_02L)",,Y,,-545.0,-545.9,3.0,-3.0,,-0.9,0,,,,,,,,,,,
,FEAT_A1_01L_SIM_02L_Z,"Ubicación de la dimensión (E_FEAT_A1_01L_SIM_02L)",,Z,,1080.0,1082.0,3.0,-3.0,,2.0,0,,,,,,,,,,,
,FEAT_A1_P2R_X,"Dimensión distancia 2D (E_FEAT_A1_01R,E_FEAT_A1_02R)",,M,,0.0,1.4,1.5,-1.5,,1.4,0,,,,,,,,,,,
,FEAT_A1_P2R_Z,"Dimensión distancia 2D (E_FEAT_A1_01R,E_FEAT_A1_02R)",,M,,0.0,0.4,1.5,-1.5,,0.4,0,,,,,,,,,,,
,FEAT_A1_P2L_X,"Dimensión distancia 2D (E_FEAT_A1_01L,E_FEAT_A1_02L)",,M,,0.0,0.4,1.5,-1.5,,0.4,0,,,,,,,,,,,
,FEAT_A1_P2L_Z,"Dimensión distancia 2D (E_FEAT_A1_01L,E_FEAT_A1_02L)",,M,,0.0,3.1,1.5,-1.5,,3.1,1.59288233863936,,,,,,,,,,,
,FEAT_A1_P1_Y,"Dimensión distancia 2D (E_FEAT_A1_01R_SIM_02R,E_FEAT_A1_01L_SIM_02L)",,M,,1090.0,1091.5,3.0,-3.0,,1.5,0,,,,,,,,,,,
,FEAT_A1_P3R_X,"Dimensión distancia 2D (E_FEAT_08_01R_SIM_02R,E_FEAT_A1_01R_SIM_02R)",,M,,1335.0,1336.9,3.0,-3.0,,1.9,0,,,,,,,,,,,
,FEAT_A1_P3R_Y,"Dimensión distancia 2D (E_FEAT_08_01R_SIM_02R,E_FEAT_A1_01R_SIM_02R)",,M,,15.0,15.4,3.0,-3.0,,0.4,0,,,,,,,,,,,
,FEAT_A1_P3R_Z,"Dimensión distancia 2D (E_FEAT_08_01R_SIM_02R,E_FEAT_A1_01R_SIM_02R)",,M,,224.0,226.5,3.0,-3.0,,2.5,0,,,,,,,,,,,
,FEAT_A1_P4R_X,"Dimensión distancia 2D (E_FEAT_08_01R_SIM_02R,E_FEAT_B3_01R)",,M,,632.2,632.0,3.0,-3.0,,-0.1,0,,,,,,,,,,,
,FEAT_A1_P4R_Y,"Dimensión distancia 2D (E_FEAT_08_01R_SIM_02R,E_FEAT_B3_01R)",,M,,25.0,24.4,3.0,-3.0,,-0.6,0,,,,,,,,,,,
,FEAT_A1_P4R_Z,"Dimensión distancia 2D (E_FEAT_08_01R_SIM_02R,E_FEAT_B3_01R)",,M,,198.8,198.0,3.0,-3.0,,-0.8,0,,,,,,,,,,,
,FEAT_A1_P5R_X,"Dimensión distancia 2D (E_FEAT_08_01R_SIM_02R,E_FEAT_B1_07R)",,M,,522.3,522.1,3.0,-3.0,,-0.2,0,,,,,,,,,,,
,FEAT_A1_P5R_Y,"Dimensión distancia 2D (E_FEAT_08_01R_SIM_02R,E_FEAT_B1_07R)",,M,,127.5,129.5,3.0,-3.0,,2.0,0,,,,,,,,,,,
,FEAT_A1_P5R_Z,"Dimensión distancia 2D (E_FEAT_08_01R_SIM_02R,E_FEAT_B1_07R)",,M,,362.4,363.2,3.0,-3.0,,0.8,0,,,,,,,,,,,
,FEAT_A1_P3L_X,"Dimensión distancia 2D (E_FEAT_08_01L_SIM_02L,E_FEAT_A1_01L_SIM_02L)",,M,,1335.0,1333.4,3.0,-3.0,,-1.6,0,,,,,,,,,,,
,FEAT_A1_P3L_Y,"Dimensión distancia 2D (E_FEAT_08_01L_SIM_02L,E_FEAT_A1_01L_SIM_02L)",,M,,15.0,15.6,3.0,-3.0,,0.6,0,,,,,,,,,,,
,FEAT_A1_P3L_Z,"Dimensión distancia 2D (E_FEAT_08_01L_SIM_02L,E_FEAT_A1_01L_SIM_02L)",,M,,224.0,227.4,3.0,-3.0,,3.4,.423420807159005,,,,,,,,,,,
,FEAT_A1_P4L_X,"Dimensión distancia 2D (E_FEAT_08_01L_SIM_02L,E_FEAT_B3_01L)",,M,,632.2,632.9,3.0,-3.0,,0.7,0,,,,,,,,,,,
,FEAT_A1_P4L_Y,"Dimensión distancia 2D (E_FEAT_08_01L_SIM_02L,E_FEAT_B3_01L)",,M,,25.0,24.0,3.0,-3.0,,-1.0,0,,,,,,,,,,,
,FEAT_A1_P4L_Z,"Dimensión distancia 2D (E_FEAT_08_01L_SIM_02L,E_FEAT_B3_01L)",,M,,198.8,198.4,3.0,-3.0,,-0.4,0,,,,,,,,,,,
,FEAT_A1_P5L_X,"Dimensión distancia 2D (E_FEAT_08_01L_SIM_02L,E_FEAT_B1_08L)",,M,,915.0,914.6,3.0,-3.0,,-0.4,0,,,,,,,,,,,
,FEAT_A1_P5L_Y,"Dimensión distancia 2D (E_FEAT_08_01L_SIM_02L,E_FEAT_B1_08L)",,M,,127.5,129.1,3.0,-3.0,,1.6,0,,,,,,,,,,,
,FEAT_A1_P5L_Z,"Dimensión distancia 2D (E_FEAT_08_01L_SIM_02L,E_FEAT_B1_08L)",,M,,355.3,357.1,3.0,-3.0,,1.8,0,,,,,,,,,,,
,FEAT_A2_02R_X,"Ubicación de la dimensión (E_FEAT_A2_02R)",,X,,420.0,421.1,3.0,-3.0,,1.1,0,,,,,,,,,,,
,FEAT_A2_02R_Y,"Ubicación de la dimensión (E_FEAT_A2_02R)",,Y,,260.0,259.5,3.0,-3.0,,-0.5,0,,,,,,,,,,,
,FEAT_A2_02R_Z,"Ubicación de la dimensión (E_FEAT_A2_02R)",,Z,,872.3,873.6,3.0,-3.0,,1.3,0,,,,,,,,,,,
,FEAT_A2_01R_X,"Ubicación de la dimensión (E_FEAT_A2_01R)",,X,,420.0,420.0,3.0,-3.0,,0.0,0,,,,,,,,,,,
,FEAT_A2_01R_Y,"Ubicación de la dimensión (E_FEAT_A2_01R)",,Y,,132.0,131.7,3.0,-3.0,,-0.3,0,,,,,,,,,,,
,FEAT_A2_01R_Z,"Ubicación de la dimensión (E_FEAT_A2_01R)",,Z,,872.3,872.5,3.0,-3.0,,0.2,0,,,,,,,,,,,
,FEAT_A2_05L_X,"Ubicación de la dimensión (E_FEAT_A2_05L)",,X,,420.0,420.2,3.0,-3.0,,0.2,0,,,,,,,,,,,
,FEAT_A2_05L_Y,"Ubicación de la dimensión (E_FEAT_A2_05L)",,Y,,-153.0,-152.3,3.0,-3.0,,0.7,0,,,,,,,,,,,
,FEAT_A2_05L_Z,"Ubicación de la dimensión (E_FEAT_A2_05L)",,Z,,872.3,871.1,3.0,-3.0,,-1.2,0,,,,,,,,,,,
,FEAT_A2_02L_X,"Ubicación de la dimensión (E_FEAT_A2_02L)",,X,,420.0,420.1,3.0,-3.0,,0.1,0,,,,,,,,,,,
,FEAT_A2_02L_Y,"Ubicación de la dimensión (E_FEAT_A2_02L)",,Y,,-260.0,-259.3,3.0,-3.0,,0.7,0,,,,,,,,,,,
,FEAT_A2_02L_Z,"Ubicación de la dimensión (E_FEAT_A2_02L)",,Z,,872.3,871.4,3.0,-3.0,,-0.9,0,,,,,,,,,,,
,FEAT_A2_04R_X,"Ubicación de la dimensión (E_FEAT_A2_04R)",,X,,707.5,708.8,3.0,-3.0,,1.3,0,,,,,,,,,,,
,FEAT_A2_04R_Y,"Ubicación de la dimensión (E_FEAT_A2_04R)",,Y,,216.0,215.4,3.0,-3.0,,-0.6,0,,,,,,,,,,,
,FEAT_A2_04R_Z,"Ubicación de la dimensión (E_FEAT_A2_04R)",,Z,,788.6,787.2,3.0,-3.0,,-1.4,0,,,,,,,,,,,
,FEAT_A2_03R_X,"Ubicación de la dimensión (E_FEAT_A2_03R)",,X,,707.5,709.1,3.0,-3.0,,1.6,0,,,,,,,,,,,
,FEAT_A2_03R_Y,"Ubicación de la dimensión (E_FEAT_A2_03R)",,Y,,112.5,112.3,3.0,-3.0,,-0.2,0,,,,,,,,,,,
,FEAT_A2_03R_Z,"Ubicación de la dimensión (E_FEAT_A2_03R)",,Z,,788.6,786.6,3.0,-3.0,,-2.0,0,,,,,,,,,,,
,FEAT_A2_06L_X,"Ubicación de la dimensión (E_FEAT_A2_06L)",,X,,707.5,708.5,3.0,-3.0,,1.0,0,,,,,,,,,,,
,FEAT_A2_06L_Y,"Ubicación de la dimensión (E_FEAT_A2_06L)",,Y,,-147.0,-146.7,3.0,-3.0,,0.3,0,,,,,,,,,,,
,FEAT_A2_06L_Z,"Ubicación de la dimensión (E_FEAT_A2_06L)",,Z,,788.6,787.0,3.0,-3.0,,-1.6,0,,,,,,,,,,,
,FEAT_A2_07L_X,"Ubicación de la dimensión (E_FEAT_A2_07L)",,X,,707.5,708.4,3.0,-3.0,,0.9,0,,,,,,,,,,,
,FEAT_A2_07L_Y,"Ubicación de la dimensión (E_FEAT_A2_07L)",,Y,,-250.5,-250.2,3.0,-3.0,,0.3,0,,,,,,,,,,,
,FEAT_A2_07L_Z,"Ubicación de la dimensión (E_FEAT_A2_07L)",,Z,,788.6,787.2,3.0,-3.0,,-1.4,0,,,,,,,,,,,
,FEAT_A2_P1_X,"Dimensión distancia 2D (E_FEAT_A2_01R,E_FEAT_A2_03R)",,M,,287.5,289.1,2.5,-2.5,,1.6,0,,,,,,,,,,,
,FEAT_A2_P1_Y,"Dimensión distancia 2D (E_FEAT_A2_01R,E_FEAT_A2_03R)",,M,,19.5,19.4,2.5,-2.5,,-0.1,0,,,,,,,,,,,
,FEAT_A2_P1_Z,"Dimensión distancia 2D (E_FEAT_A2_01R,E_FEAT_A2_03R)",,M,,83.7,86.0,3.0,-3.0,,2.3,0,,,,,,,,,,,
,FEAT_A2_P2_X,"Dimensión distancia 2D (E_FEAT_A2_02R,E_FEAT_A2_04R)",,M,,287.5,287.7,2.5,-2.5,,0.2,0,,,,,,,,,,,
,FEAT_A2_P2_Y,"Dimensión distancia 2D (E_FEAT_A2_02R,E_FEAT_A2_04R)",,M,,44.0,44.1,2.5,-2.5,,0.1,0,,,,,,,,,,,
,FEAT_A2_P2_Z,"Dimensión distancia 2D (E_FEAT_A2_02R,E_FEAT_A2_04R)",,M,,83.7,86.4,3.0,-3.0,,2.7,0,,,,,,,,,,,
,FEAT_A2_P3_X,"Dimensión distancia 2D (E_FEAT_A2_05L,E_FEAT_A2_06L)",,M,,287.5,288.4,2.5,-2.5,,0.9,0,,,,,,,,,,,
,FEAT_A2_P3_Y,"Dimensión distancia 2D (E_FEAT_A2_05L,E_FEAT_A2_06L)",,M,,6.0,5.6,2.5,-2.5,,-0.4,0,,,,,,,,,,,
,FEAT_A2_P3_Z,"Dimensión distancia 2D (E_FEAT_A2_05L,E_FEAT_A2_06L)",,M,,83.7,84.0,3.0,-3.0,,0.3,0,,,,,,,,,,,
,FEAT_A2_P4_X,"Dimensión distancia 2D (E_FEAT_A2_02L,E_FEAT_A2_07L)",,M,,287.5,288.3,2.5,-2.5,,0.8,0,,,,,,,,,,,
,FEAT_A2_P4_Y,"Dimensión distancia 2D (E_FEAT_A2_02L,E_FEAT_A2_07L)",,M,,9.5,9.1,2.5,-2.5,,-0.4,0,,,,,,,,,,,
,FEAT_A2_P4_Z,"Dimensión distancia 2D (E_FEAT_A2_02L,E_FEAT_A2_07L)",,M,,83.7,84.3,3.0,-3.0,,0.6,0,,,,,,,,,,,
,FEAT_A3_01R_X,"Ubicación de la dimensión (E_FEAT_A3_01R)",,X,,804.6,806.6,4.0,-4.0,,2.0,0,,,,,,,,,,,
,FEAT_A3_01R_Y,"Ubicación de la dimensión (E_FEAT_A3_01R)",,Y,,181.0,181.1,4.0,-4.0,,0.1,0,,,,,,,,,,,
,FEAT_A3_01R_Z,"Ubicación de la dimensión (E_FEAT_A3_01R)",,Z,,848.6,846.3,3.0,-3.0,,-2.3,0,,,,,,,,,,,
,FEAT_A3_01L_X,"Ubicación de la dimensión (E_FEAT_A3_01L)",,X,,804.6,805.7,4.0,-4.0,,1.1,0,,,,,,,,,,,
,FEAT_A3_01L_Y,"Ubicación de la dimensión (E_FEAT_A3_01L)",,Y,,-181.0,-180.1,4.0,-4.0,,0.9,0,,,,,,,,,,,
,FEAT_A3_01L_Z,"Ubicación de la dimensión (E_FEAT_A3_01L)",,Z,,848.6,846.0,3.0,-3.0,,-2.6,0,,,,,,,,,,,
,FEAT_A3_P1_X,"Dimensión distancia 2D (E_FEAT_A3_01R,E_FEAT_A3_01L)",,M,,0.0,0.9,3.0,-3.0,,0.9,0,,,,,,,,,,,
,FEAT_A3_P1_Y,"Dimensión distancia 2D (E_FEAT_A3_01L,E_FEAT_A3_01R)",,M,,362.0,361.2,3.0,-3.0,,-0.8,0,,,,,,,,,,,
,FEAT_A3_P1_Z,"Dimensión distancia 2D (E_FEAT_A3_01R,E_FEAT_A3_01L)",,M,,0.0,0.2,1.5,-1.5,,0.2,0,,,,,,,,,,,
,FEAT_A3_P2_X,"Dimensión distancia 2D (E_FEAT_07_09R,E_FEAT_A3_01R)",,M,,34.5,34.9,3.0,-3.0,,0.3,0,,,,,,,,,,,
,FEAT_A3_P2_Y,"Dimensión distancia 2D (E_FEAT_07_09R,E_FEAT_A3_01R)",,M,,159.3,159.7,3.0,-3.0,,0.4,0,,,,,,,,,,,
,FEAT_A3_P3_X,"Dimensión distancia 2D (E_FEAT_07_11L,E_FEAT_A3_01L)",,M,,34.5,35.5,3.0,-3.0,,1.0,0,,,,,,,,,,,
,FEAT_A3_P3_Y,"Dimensión distancia 2D (E_FEAT_07_11L,E_FEAT_A3_01L)",,M,,159.3,159.9,3.0,-3.0,,0.6,0,,,,,,,,,,,
,FEAT_A4_01R_X,"Ubicación de la dimensión (E_FEAT_A4_01R)",,X,,750.0,750.3,3.0,-3.0,,0.3,0,,,,,,,,,,,
,FEAT_A4_01R_Y,"Ubicación de la dimensión (E_FEAT_A4_01R)",,Y,,154.7,154.7,3.0,-3.0,,0.0,0,,,,,,,,,,,
,FEAT_A4_01R_Z,"Ubicación de la dimensión (E_FEAT_A4_01R)",,Z,,800.3,798.5,3.0,-3.0,,-1.8,0,,,,,,,,,,,
,FEAT_A4_02L_X,"Ubicación de la dimensión (E_FEAT_A4_02L)",,X,,751.5,751.4,3.0,-3.0,,-0.1,0,,,,,,,,,,,
,FEAT_A4_02L_Y,"Ubicación de la dimensión (E_FEAT_A4_02L)",,Y,,-210.0,-209.6,3.0,-3.0,,0.4,0,,,,,,,,,,,
,FEAT_A4_02L_Z,"Ubicación de la dimensión (E_FEAT_A4_02L)",,Z,,800.3,798.1,3.0,-3.0,,-2.2,0,,,,,,,,,,,
,FEAT_A4_03L_X,"Ubicación de la dimensión (E_FEAT_A4_03L)",,X,,1187.1,1187.3,3.0,-3.0,,0.2,0,,,,,,,,,,,
,FEAT_A4_03L_Y,"Ubicación de la dimensión (E_FEAT_A4_03L)",,Y,,-142.0,-142.3,3.0,-3.0,,-0.3,0,,,,,,,,,,,
,FEAT_A4_03L_Z,"Ubicación de la dimensión (E_FEAT_A4_03L)",,Z,,789.0,786.1,3.0,-3.0,,-2.9,0,,,,,,,,,,,
,FEAT_A4_P1_X,"Dimensión distancia 2D (E_FEAT_A4_01R,E_FEAT_A4_03L)",,M,,437.1,437.0,2.0,-2.0,,-0.1,0,,,,,,,,,,,
,FEAT_A4_P1_Y,"Dimensión distancia 2D (E_FEAT_A4_03L,E_FEAT_A4_01R)",,M,,296.7,297.0,2.0,-2.0,,0.3,0,,,,,,,,,,,
,FEAT_A4_P2_X,"Dimensión distancia 2D (E_FEAT_A4_02L,E_FEAT_A4_03L)",,M,,435.6,435.8,2.0,-2.0,,0.2,0,,,,,,,,,,,
,FEAT_A4_P2_Y,"Dimensión distancia 2D (E_FEAT_A4_02L,E_FEAT_A4_03L)",,M,,68.0,67.3,2.0,-2.0,,-0.7,0,,,,,,,,,,,
,FEAT_A5_01R_X,"Ubicación de la dimensión (E_FEAT_A5_01R)",,X,,1097.5,1099.6,3.0,-3.0,,2.1,0,,,,,,,,,,,
,FEAT_A5_01R_Y,"Ubicación de la dimensión (E_FEAT_A5_01R)",,Y,,477.1,473.7,3.0,-3.0,,-3.4,.408855081792353,,,,,,,,,,,
,FEAT_A5_01R_Z,"Ubicación de la dimensión (E_FEAT_A5_01R)",,Z,,871.6,868.4,3.0,-3.0,,-3.2,.205766114279186,,,,,,,,,,,
,FEAT_A5_01L_X,"Ubicación de la dimensión (E_FEAT_A5_01L)",,X,,1097.5,1099.6,3.0,-3.0,,2.1,0,,,,,,,,,,,
,FEAT_A5_01L_Y,"Ubicación de la dimensión (E_FEAT_A5_01L)",,Y,,-477.1,-476.8,3.0,-3.0,,0.3,0,,,,,,,,,,,
,FEAT_A5_01L_Z,"Ubicación de la dimensión (E_FEAT_A5_01L)",,Z,,871.6,867.3,3.0,-3.0,,-4.3,1.30216269111543,,,,,,,,,,,
,FEAT_A5_P1_Y,"Dimensión distancia 2D (E_FEAT_A5_01R,E_FEAT_A5_01L)",,M,,954.3,950.6,2.0,-2.0,,-3.7,1.72130231618439,,,,,,,,,,,
,FEAT_A6_05R_X,"Ubicación de la dimensión (E_FEAT_A6_05R)",,X,,1788.7,1788.1,3.0,-3.0,,-0.6,0,,,,,,,,,,,
,FEAT_A6_05R_Y,"Ubicación de la dimensión (E_FEAT_A6_05R)",,Y,,41.0,39.5,3.0,-3.0,,-1.5,0,,,,,,,,,,,
,FEAT_A6_05R_Z,"Ubicación de la dimensión (E_FEAT_A6_05R)",,Z,,857.4,857.5,3.0,-3.0,,0.1,0,,,,,,,,,,,
,FEAT_A6_06R_X,"Ubicación de la dimensión (E_FEAT_A6_06R)",,X,,1813.6,1813.4,3.0,-3.0,,-0.2,0,,,,,,,,,,,
,FEAT_A6_06R_Y,"Ubicación de la dimensión (E_FEAT_A6_06R)",,Y,,41.0,39.7,3.0,-3.0,,-1.3,0,,,,,,,,,,,
,FEAT_A6_06R_Z,"Ubicación de la dimensión (E_FEAT_A6_06R)",,Z,,855.4,856.0,3.0,-3.0,,0.6,0,,,,,,,,,,,
,FEAT_A6_09L_X,"Ubicación de la dimensión (E_FEAT_A6_09L)",,X,,1788.7,1788.1,3.0,-3.0,,-0.7,0,,,,,,,,,,,
,FEAT_A6_09L_Y,"Ubicación de la dimensión (E_FEAT_A6_09L)",,Y,,-21.0,-22.3,3.0,-3.0,,-1.3,0,,,,,,,,,,,
,FEAT_A6_09L_Z,"Ubicación de la dimensión (E_FEAT_A6_09L)",,Z,,857.4,857.3,3.0,-3.0,,-0.1,0,,,,,,,,,,,
,FEAT_A6_10L_X,"Ubicación de la dimensión (E_FEAT_A6_10L)",,X,,1813.6,1813.4,3.0,-3.0,,-0.3,0,,,,,,,,,,,
,FEAT_A6_10L_Y,"Ubicación de la dimensión (E_FEAT_A6_10L)",,Y,,-21.0,-22.3,3.0,-3.0,,-1.3,0,,,,,,,,,,,
,FEAT_A6_10L_Z,"Ubicación de la dimensión (E_FEAT_A6_10L)",,Z,,855.4,855.8,3.0,-3.0,,0.4,0,,,,,,,,,,,
,FEAT_A6_P1_X,"Dimensión distancia 2D (E_FEAT_06_03R,E_FEAT_A6_05R)",,M,,836.2,835.0,4.0,-4.0,,-1.2,0,,,,,,,,,,,
,FEAT_A6_P2_X,"Dimensión distancia 2D (E_FEAT_06_03R,E_FEAT_A6_09L)",,M,,836.2,835.0,4.0,-4.0,,-1.2,0,,,,,,,,,,,
,FEAT_A7_01R_X,"Ubicación de la dimensión (E_FEAT_A7_01R)",,X,,2703.8,2704.7,3.0,-3.0,,0.9,0,,,,,,,,,,,
,FEAT_A7_01R_Y,"Ubicación de la dimensión (E_FEAT_A7_01R)",,Y,,103.1,102.4,3.0,-3.0,,-0.7,0,,,,,,,,,,,
,FEAT_A7_01R_Z,"Ubicación de la dimensión (E_FEAT_A7_01R)",,Z,,942.0,943.0,3.0,-3.0,,1.0,0,,,,,,,,,,,
,FEAT_A7_02R_X,"Ubicación de la dimensión (E_FEAT_A7_02R)",,X,,2823.4,2822.7,3.0,-3.0,,-0.7,0,,,,,,,,,,,
,FEAT_A7_02R_Y,"Ubicación de la dimensión (E_FEAT_A7_02R)",,Y,,110.8,107.2,3.0,-3.0,,-3.6,.616933109649366,,,,,,,,,,,
,FEAT_A7_02R_Z,"Ubicación de la dimensión (E_FEAT_A7_02R)",,Z,,953.4,954.0,3.0,-3.0,,0.5,0,,,,,,,,,,,
,FEAT_A7_03L_X,"Ubicación de la dimensión (E_FEAT_A7_03L)",,X,,2703.8,2704.4,3.0,-3.0,,0.6,0,,,,,,,,,,,
,FEAT_A7_03L_Y,"Ubicación de la dimensión (E_FEAT_A7_03L)",,Y,,-70.5,-72.5,3.0,-3.0,,-2.0,0,,,,,,,,,,,
,FEAT_A7_03L_Z,"Ubicación de la dimensión (E_FEAT_A7_03L)",,Z,,942.0,943.1,3.0,-3.0,,1.1,0,,,,,,,,,,,
,FEAT_A7_04L_X,"Ubicación de la dimensión (E_FEAT_A7_04L)",,X,,2823.4,2822.3,3.0,-3.0,,-1.1,0,,,,,,,,,,,
,FEAT_A7_04L_Y,"Ubicación de la dimensión (E_FEAT_A7_04L)",,Y,,-78.2,-81.3,3.0,-3.0,,-3.1,.136411699416939,,,,,,,,,,,
,FEAT_A7_04L_Z,"Ubicación de la dimensión (E_FEAT_A7_04L)",,Z,,953.4,951.9,3.0,-3.0,,-1.6,0,,,,,,,,,,,
,FEAT_A8_01R_X,"Ubicación de la dimensión (E_FEAT_A8_01R)",,X,,4617.1,4616.5,3.0,-3.0,,-0.6,0,,,,,,,,,,,
,FEAT_A8_01R_Y,"Ubicación de la dimensión (E_FEAT_A8_01R)",,Y,,9.7,10.6,3.0,-3.0,,0.9,0,,,,,,,,,,,
,FEAT_A8_01R_Z,"Ubicación de la dimensión (E_FEAT_A8_01R)",,Z,,1179.6,1182.5,3.0,-3.0,,2.9,0,,,,,,,,,,,
,FEAT_A8_02L_X,"Ubicación de la dimensión (E_FEAT_A8_02L)",,X,,4627.5,4627.2,3.0,-3.0,,-0.3,0,,,,,,,,,,,
,FEAT_A8_02L_Y,"Ubicación de la dimensión (E_FEAT_A8_02L)",,Y,,-70.3,-70.5,3.0,-3.0,,-0.2,0,,,,,,,,,,,
,FEAT_A8_02L_Z,"Ubicación de la dimensión (E_FEAT_A8_02L)",,Z,,1181.3,1184.0,3.0,-3.0,,2.8,0,,,,,,,,,,,
,FEAT_A9_03R_X,"Ubicación de la dimensión (E_FEAT_A9_03R)",,X,,3870.1,3871.6,3.0,-3.0,,1.5,0,,,,,,,,,,,
,FEAT_A9_03R_Y,"Ubicación de la dimensión (E_FEAT_A9_03R)",,Y,,140.9,139.6,3.0,-3.0,,-1.3,0,,,,,,,,,,,
,FEAT_A9_03R_Z,"Ubicación de la dimensión (E_FEAT_A9_03R)",,Z,,985.8,984.3,3.0,-3.0,,-1.5,0,,,,,,,,,,,
,FEAT_A9_04R_X,"Ubicación de la dimensión (E_FEAT_A9_04R)",,X,,3870.1,3868.8,3.0,-3.0,,-1.3,0,,,,,,,,,,,
,FEAT_A9_04R_Y,"Ubicación de la dimensión (E_FEAT_A9_04R)",,Y,,384.7,384.5,3.0,-3.0,,-0.2,0,,,,,,,,,,,
,FEAT_A9_04R_Z,"Ubicación de la dimensión (E_FEAT_A9_04R)",,Z,,1010.3,1013.5,3.0,-3.0,,3.2,.219228258065186,,,,,,,,,,,
,FEAT_A9_09R_X,"Ubicación de la dimensión (E_FEAT_A9_09R)",,X,,4977.5,4977.0,4.0,-4.0,,-0.5,0,,,,,,,,,,,
,FEAT_A9_09R_Y,"Ubicación de la dimensión (E_FEAT_A9_09R)",,Y,,424.8,426.1,4.0,-4.0,,1.3,0,,,,,,,,,,,
,FEAT_A9_09R_Z,"Ubicación de la dimensión (E_FEAT_A9_09R)",,Z,,1071.3,1071.5,4.0,-4.0,,0.2,0,,,,,,,,,,,
,FEAT_A9_10R_X,"Ubicación de la dimensión (E_FEAT_A9_10R)",,X,,4974.0,4973.7,4.0,-4.0,,-0.3,0,,,,,,,,,,,
,FEAT_A9_10R_Y,"Ubicación de la dimensión (E_FEAT_A9_10R)",,Y,,448.8,450.2,4.0,-4.0,,1.4,0,,,,,,,,,,,
,FEAT_A9_10R_Z,"Ubicación de la dimensión (E_FEAT_A9_10R)",,Z,,1071.3,1070.3,4.0,-4.0,,-1.0,0,,,,,,,,,,,
,FEAT_B0_01L_X,"Ubicación de la dimensión (E_FEAT_B0_01L)",,X,,3090.0,3089.2,3.0,-3.0,,-0.8,0,,,,,,,,,,,
,FEAT_B0_01L_Y,"Ubicación de la dimensión (E_FEAT_B0_01L)",,Y,,-64.5,-64.5,3.0,-3.0,,0.0,0,,,,,,,,,,,
,FEAT_B0_01L_Z,"Ubicación de la dimensión (E_FEAT_B0_01L)",,Z,,1040.0,1039.6,3.0,-3.0,,-0.4,0,,,,,,,,,,,
,FEAT_B0_02L_X,"Ubicación de la dimensión (E_FEAT_B0_02L)",,X,,3140.0,3138.9,3.0,-3.0,,-1.1,0,,,,,,,,,,,
,FEAT_B0_02L_Y,"Ubicación de la dimensión (E_FEAT_B0_02L)",,Y,,-64.5,-64.5,3.0,-3.0,,0.0,0,,,,,,,,,,,
,FEAT_B0_02L_Z,"Ubicación de la dimensión (E_FEAT_B0_02L)",,Z,,1040.0,1040.4,3.0,-3.0,,0.4,0,,,,,,,,,,,
,FEAT_B0_03L_X,"Ubicación de la dimensión (E_FEAT_B0_03L)",,X,,3115.0,3116.9,3.0,-3.0,,1.9,0,,,,,,,,,,,
,FEAT_B0_03L_Y,"Ubicación de la dimensión (E_FEAT_B0_03L)",,Y,,-465.4,-466.7,3.0,-3.0,,-1.3,0,,,,,,,,,,,
,FEAT_B0_03L_Z,"Ubicación de la dimensión (E_FEAT_B0_03L)",,Z,,887.5,887.9,3.0,-3.0,,0.4,0,,,,,,,,,,,
,FEAT_B0_04L_X,"Ubicación de la dimensión (E_FEAT_B0_04L)",,X,,3755.4,3754.4,3.0,-3.0,,-1.0,0,,,,,,,,,,,
,FEAT_B0_04L_Y,"Ubicación de la dimensión (E_FEAT_B0_04L)",,Y,,-74.4,-74.5,3.0,-3.0,,-0.2,0,,,,,,,,,,,
,FEAT_B0_04L_Z,"Ubicación de la dimensión (E_FEAT_B0_04L)",,Z,,1061.8,1060.6,3.0,-3.0,,-1.3,0,,,,,,,,,,,
,FEAT_B0_05L_X,"Ubicación de la dimensión (E_FEAT_B0_05L)",,X,,3805.0,3805.2,3.0,-3.0,,0.2,0,,,,,,,,,,,
,FEAT_B0_05L_Y,"Ubicación de la dimensión (E_FEAT_B0_05L)",,Y,,-71.2,-70.8,3.0,-3.0,,0.4,0,,,,,,,,,,,
,FEAT_B0_05L_Z,"Ubicación de la dimensión (E_FEAT_B0_05L)",,Z,,1059.6,1057.8,3.0,-3.0,,-1.8,0,,,,,,,,,,,
,FEAT_B0_06L_X,"Ubicación de la dimensión (E_FEAT_B0_06L)",,X,,3806.5,3807.4,3.0,-3.0,,0.9,0,,,,,,,,,,,
,FEAT_B0_06L_Y,"Ubicación de la dimensión (E_FEAT_B0_06L)",,Y,,-490.0,-491.4,3.0,-3.0,,-1.4,0,,,,,,,,,,,
,FEAT_B0_06L_Z,"Ubicación de la dimensión (E_FEAT_B0_06L)",,Z,,1031.4,1031.7,3.0,-3.0,,0.3,0,,,,,,,,,,,
,FEAT_B0_P1_X,"Dimensión distancia 2D (E_FEAT_B0_02L,E_FEAT_B0_05L)",,M,,665.0,666.3,4.0,-4.0,,1.3,0,,,,,,,,,,,
,FEAT_B0_P1_Y,"Dimensión distancia 2D (E_FEAT_B0_02L,E_FEAT_B0_05L)",,M,,6.7,6.4,3.0,-3.0,,-0.4,0,,,,,,,,,,,
,FEAT_B0_P1_Z,"Dimensión distancia 2D (E_FEAT_B0_02L,E_FEAT_B0_05L)",,M,,19.6,17.4,3.0,-3.0,,-2.2,0,,,,,,,,,,,
,FEAT_B0_P2_X,"Dimensión distancia 2D (E_FEAT_B0_01L_SIM_02L,E_FEAT_B0_03L_REF_2)",,M,,0.0,2.7,3.0,-3.0,,2.7,0,,,,,,,,,,,
,FEAT_B0_P2_Y,"Dimensión distancia 2D (E_FEAT_B0_01L_SIM_02L,E_FEAT_B0_03L_REF_2)",,M,,400.9,402.2,3.0,-3.0,,1.3,0,,,,,,,,,,,
,FEAT_B0_P2_Z,"Dimensión distancia 2D (E_FEAT_B0_01L_SIM_02L,E_FEAT_B0_03L_REF_2)",,M,,152.5,152.1,3.0,-3.0,,-0.4,0,,,,,,,,,,,
,FEAT_B0_P3_X,"Dimensión distancia 2D (E_FEAT_B0_04L_SIM_05L,E_FEAT_B0_06L)",,M,,26.3,27.6,3.0,-3.0,,1.3,0,,,,,,,,,,,
,FEAT_B0_P3_Y,"Dimensión distancia 2D (E_FEAT_B0_04L_SIM_05L,E_FEAT_B0_06L)",,M,,417.2,418.7,3.0,-3.0,,1.5,0,,,,,,,,,,,
,FEAT_B0_P3_Z,"Dimensión distancia 2D (E_FEAT_B0_04L_SIM_05L,E_FEAT_B0_06L)",,M,,29.3,27.6,3.0,-3.0,,-1.8,0,,,,,,,,,,,
,FEAT_B1_07R_X,"Ubicación de la dimensión (E_FEAT_B1_07R)",,X,,3902.3,3900.7,3.0,-3.0,,-1.7,0,,,,,,,,,,,
,FEAT_B1_07R_Y,"Ubicación de la dimensión (E_FEAT_B1_07R)",,Y,,432.5,431.5,3.0,-3.0,,-1.0,0,,,,,,,,,,,
,FEAT_B1_07R_Z,"Ubicación de la dimensión (E_FEAT_B1_07R)",,Z,,1218.4,1218.6,3.0,-3.0,,0.2,0,,,,,,,,,,,
,FEAT_B1_08L_X,"Ubicación de la dimensión (E_FEAT_B1_08L)",,X,,4295.0,4293.5,3.0,-3.0,,-1.5,0,,,,,,,,,,,
,FEAT_B1_08L_Y,"Ubicación de la dimensión (E_FEAT_B1_08L)",,Y,,-432.5,-432.5,3.0,-3.0,,0.0,0,,,,,,,,,,,
,FEAT_B1_08L_Z,"Ubicación de la dimensión (E_FEAT_B1_08L)",,Z,,1211.3,1211.7,3.0,-3.0,,0.4,0,,,,,,,,,,,
,FEAT_B3_01R_X,"Ubicación de la dimensión (E_FEAT_B3_01R)",,X,,4012.2,4010.6,3.0,-3.0,,-1.5,0,,,,,,,,,,,
,FEAT_B3_01R_Y,"Ubicación de la dimensión (E_FEAT_B3_01R)",,Y,,535.0,536.6,3.0,-3.0,,1.6,0,,,,,,,,,,,
,FEAT_B3_01R_Z,"Ubicación de la dimensión (E_FEAT_B3_01R)",,Z,,1054.8,1053.4,3.0,-3.0,,-1.4,0,,,,,,,,,,,
,FEAT_B3_02R_X,"Ubicación de la dimensión (E_FEAT_B3_02R)",,X,,4092.8,4090.8,3.0,-3.0,,-2.0,0,,,,,,,,,,,
,FEAT_B3_02R_Y,"Ubicación de la dimensión (E_FEAT_B3_02R)",,Y,,527.0,528.5,3.0,-3.0,,1.5,0,,,,,,,,,,,
,FEAT_B3_02R_Z,"Ubicación de la dimensión (E_FEAT_B3_02R)",,Z,,1061.9,1060.9,3.0,-3.0,,-1.0,0,,,,,,,,,,,
,FEAT_B3_01L_X,"Ubicación de la dimensión (E_FEAT_B3_01L)",,X,,4012.2,4011.8,3.0,-3.0,,-0.4,0,,,,,,,,,,,
,FEAT_B3_01L_Y,"Ubicación de la dimensión (E_FEAT_B3_01L)",,Y,,-535.0,-537.6,3.0,-3.0,,-2.6,0,,,,,,,,,,,
,FEAT_B3_01L_Z,"Ubicación de la dimensión (E_FEAT_B3_01L)",,Z,,1054.8,1053.0,3.0,-3.0,,-1.8,0,,,,,,,,,,,
,FEAT_B3_02L_X,"Ubicación de la dimensión (E_FEAT_B3_02L)",,X,,4092.8,4092.3,3.0,-3.0,,-0.5,0,,,,,,,,,,,
,FEAT_B3_02L_Y,"Ubicación de la dimensión (E_FEAT_B3_02L)",,Y,,-527.0,-530.8,3.0,-3.0,,-3.8,.81276080206851,,,,,,,,,,,
,FEAT_B3_02L_Z,"Ubicación de la dimensión (E_FEAT_B3_02L)",,Z,,1061.9,1059.6,3.0,-3.0,,-2.3,0,,,,,,,,,,,
,FEAT_B3_P1R_X,"Dimensión distancia 2D (E_FEAT_B3_01R,E_FEAT_B3_02R)",,M,,80.6,80.1,2.0,-2.0,,-0.5,0,,,,,,,,,,,
,FEAT_B3_P1R_Y,"Dimensión distancia 2D (E_FEAT_B3_01R,E_FEAT_B3_02R)",,M,,8.0,8.1,2.0,-2.0,,0.1,0,,,,,,,,,,,
,FEAT_B3_P1L_X,"Dimensión distancia 2D (E_FEAT_B3_01L,E_FEAT_B3_02L)",,M,,80.6,80.5,2.0,-2.0,,-0.1,0,,,,,,,,,,,
,FEAT_B3_P1L_Y,"Dimensión distancia 2D (E_FEAT_B3_01L,E_FEAT_B3_02L)",,M,,8.0,6.7,2.0,-2.0,,-1.3,0,,,,,,,,,,,
,FEAT_B5_01R_X,"Ubicación de la dimensión (E_FEAT_B5_01R)",,X,,5000.7,5000.0,3.0,-3.0,,-0.7,0,,,,,,,,,,,
,FEAT_B5_01R_Y,"Ubicación de la dimensión (E_FEAT_B5_01R)",,Y,,570.0,571.2,3.0,-3.0,,1.2,0,,,,,,,,,,,
,FEAT_B5_01R_Z,"Ubicación de la dimensión (E_FEAT_B5_01R)",,Z,,1072.9,1074.5,3.0,-3.0,,1.6,0,,,,,,,,,,,
,FEAT_B5_02R_X,"Ubicación de la dimensión (E_FEAT_B5_02R)",,X,,5054.7,5053.9,3.0,-3.0,,-0.8,0,,,,,,,,,,,
,FEAT_B5_02R_Y,"Ubicación de la dimensión (E_FEAT_B5_02R)",,Y,,570.0,571.1,3.0,-3.0,,1.1,0,,,,,,,,,,,
,FEAT_B5_02R_Z,"Ubicación de la dimensión (E_FEAT_B5_02R)",,Z,,1068.2,1069.6,3.0,-3.0,,1.3,0,,,,,,,,,,,
,FEAT_B5_01L_X,"Ubicación de la dimensión (E_FEAT_B5_01L)",,X,,5000.7,4996.8,3.0,-3.0,,-3.9,.85759411298568,,,,,,,,,,,
,FEAT_B5_01L_Y,"Ubicación de la dimensión (E_FEAT_B5_01L)",,Y,,-570.0,-571.8,3.0,-3.0,,-1.8,0,,,,,,,,,,,
,FEAT_B5_01L_Z,"Ubicación de la dimensión (E_FEAT_B5_01L)",,Z,,1072.9,1076.0,3.0,-3.0,,3.1,6.69116376618604E-02,,,,,,,,,,,
,FEAT_B5_02L_X,"Ubicación de la dimensión (E_FEAT_B5_02L)",,X,,5054.7,5051.1,3.0,-3.0,,-3.6,.575756537219604,,,,,,,,,,,
,FEAT_B5_02L_Y,"Ubicación de la dimensión (E_FEAT_B5_02L)",,Y,,-570.0,-572.3,3.0,-3.0,,-2.3,0,,,,,,,,,,,
,FEAT_B5_02L_Z,"Ubicación de la dimensión (E_FEAT_B5_02L)",,Z,,1068.2,1071.1,3.0,-3.0,,2.9,0,,,,,,,,,,,
,FEAT_B5_P1_Y,"Dimensión distancia 2D (E_FEAT_B5_01R,E_FEAT_B5_01L)",,M,,1140.0,1143.0,4.0,-4.0,,3.0,0,,,,,,,,,,,
,FEAT_B5_P2_Y,"Dimensión distancia 2D (E_FEAT_B5_02R,E_FEAT_B5_02L)",,M,,1140.0,1143.4,4.0,-4.0,,3.4,0,,,,,,,,,,,
,FEAT_CM0_01R_X,"Ubicación de la dimensión (E_FEAT_CM0_01R)",,X,,420.0,421.1,3.0,-3.0,,1.1,0,,,,,,,,,,,
,FEAT_CM0_01R_Y,"Ubicación de la dimensión (E_FEAT_CM0_01R)",,Y,,235.0,234.9,3.0,-3.0,,-0.1,0,,,,,,,,,,,
,FEAT_CM0_01R_Z,"Ubicación de la dimensión (E_FEAT_CM0_01R)",,Z,,872.3,873.6,3.0,-3.0,,1.3,0,,,,,,,,,,,
,FEAT_CM0_01L_X,"Ubicación de la dimensión (E_FEAT_CM0_01L)",,X,,420.0,419.1,3.0,-3.0,,-0.9,0,,,,,,,,,,,
,FEAT_CM0_01L_Y,"Ubicación de la dimensión (E_FEAT_CM0_01L)",,Y,,-201.0,-200.6,3.0,-3.0,,0.4,0,,,,,,,,,,,
,FEAT_CM0_01L_Z,"Ubicación de la dimensión (E_FEAT_CM0_01L)",,Z,,872.3,871.0,3.0,-3.0,,-1.3,0,,,,,,,,,,,
,FEAT_CM1_01R_X,"Ubicación de la dimensión (E_FEAT_CM1_01R)",,X,,733.5,734.6,3.0,-3.0,,1.1,0,,,,,,,,,,,
,FEAT_CM1_01R_Y,"Ubicación de la dimensión (E_FEAT_CM1_01R)",,Y,,80.0,80.2,3.0,-3.0,,0.2,0,,,,,,,,,,,
,FEAT_CM1_01R_Z,"Ubicación de la dimensión (E_FEAT_CM1_01R)",,Z,,788.6,786.4,3.0,-3.0,,-2.2,0,,,,,,,,,,,
,FEAT_CM1_01L_X,"Ubicación de la dimensión (E_FEAT_CM1_01L)",,X,,733.5,734.1,3.0,-3.0,,0.6,0,,,,,,,,,,,
,FEAT_CM1_01L_Y,"Ubicación de la dimensión (E_FEAT_CM1_01L)",,Y,,-152.0,-151.4,3.0,-3.0,,0.6,0,,,,,,,,,,,
,FEAT_CM1_01L_Z,"Ubicación de la dimensión (E_FEAT_CM1_01L)",,Z,,788.6,787.0,3.0,-3.0,,-1.6,0,,,,,,,,,,,
,FEAT_CM2_01R_X,"Ubicación de la dimensión (E_FEAT_CM2_01R)",,X,,1168.1,1168.0,3.0,-3.0,,-0.1,0,,,,,,,,,,,
,FEAT_CM2_01R_Y,"Ubicación de la dimensión (E_FEAT_CM2_01R)",,Y,,145.0,143.6,3.0,-3.0,,-1.4,0,,,,,,,,,,,
,FEAT_CM2_01R_Z,"Ubicación de la dimensión (E_FEAT_CM2_01R)",,Z,,738.4,735.9,3.0,-3.0,,-2.5,0,,,,,,,,,,,
,FEAT_CM2_01L_X,"Ubicación de la dimensión (E_FEAT_CM2_01L)",,X,,1168.1,1167.9,3.0,-3.0,,-0.2,0,,,,,,,,,,,
,FEAT_CM2_01L_Y,"Ubicación de la dimensión (E_FEAT_CM2_01L)",,Y,,-80.0,-80.7,3.0,-3.0,,-0.7,0,,,,,,,,,,,
,FEAT_CM2_01L_Z,"Ubicación de la dimensión (E_FEAT_CM2_01L)",,Z,,738.4,735.6,3.0,-3.0,,-2.8,0,,,,,,,,,,,
,FEAT_CM3_01R_X,"Ubicación de la dimensión (E_FEAT_CM3_01R)",,X,,1792.7,1793.1,3.0,-3.0,,0.4,0,,,,,,,,,,,
,FEAT_CM3_01R_Y,"Ubicación de la dimensión (E_FEAT_CM3_01R)",,Y,,379.0,377.7,3.0,-3.0,,-1.3,0,,,,,,,,,,,
,FEAT_CM3_01R_Z,"Ubicación de la dimensión (E_FEAT_CM3_01R)",,Z,,779.0,779.4,3.0,-3.0,,0.4,0,,,,,,,,,,,
,FEAT_CM3_01L_X,"Ubicación de la dimensión (E_FEAT_CM3_01L)",,X,,1792.7,1792.2,3.0,-3.0,,-0.5,0,,,,,,,,,,,
,FEAT_CM3_01L_Y,"Ubicación de la dimensión (E_FEAT_CM3_01L)",,Y,,-379.0,-378.2,3.0,-3.0,,0.8,0,,,,,,,,,,,
,FEAT_CM3_01L_Z,"Ubicación de la dimensión (E_FEAT_CM3_01L)",,Z,,779.0,777.5,3.0,-3.0,,-1.5,0,,,,,,,,,,,
,FEAT_CM4_01R_X,"Ubicación de la dimensión (E_FEAT_CM4_01R)",,X,,2763.0,2762.4,3.0,-3.0,,-0.6,0,,,,,,,,,,,
,FEAT_CM4_01R_Y,"Ubicación de la dimensión (E_FEAT_CM4_01R)",,Y,,260.0,258.3,3.0,-3.0,,-1.7,0,,,,,,,,,,,
,FEAT_CM4_01R_Z,"Ubicación de la dimensión (E_FEAT_CM4_01R)",,Z,,965.0,967.7,3.0,-3.0,,2.7,0,,,,,,,,,,,
,FEAT_CM4_01L_X,"Ubicación de la dimensión (E_FEAT_CM4_01L)",,X,,2763.0,2762.6,3.0,-3.0,,-0.4,0,,,,,,,,,,,
,FEAT_CM4_01L_Y,"Ubicación de la dimensión (E_FEAT_CM4_01L)",,Y,,-309.9,-311.6,3.0,-3.0,,-1.7,0,,,,,,,,,,,
,FEAT_CM4_01L_Z,"Ubicación de la dimensión (E_FEAT_CM4_01L)",,Z,,965.0,966.4,3.0,-3.0,,1.4,0,,,,,,,,,,,
,FEAT_FT_01R_X,"Ubicación de la dimensión (E_FEAT_FT_01R)",,X,,3115.0,3114.5,3.0,-3.0,,-0.5,0,,,,,,,,,,,
,FEAT_FT_01R_Y,"Ubicación de la dimensión (E_FEAT_FT_01R)",,Y,,-161.5,-161.8,3.0,-3.0,,-0.3,0,,,,,,,,,,,
,FEAT_FT_01R_Z,"Ubicación de la dimensión (E_FEAT_FT_01R)",,Z,,1034.8,1035.2,3.0,-3.0,,0.4,0,,,,,,,,,,,
,FEAT_FT_01L_X,"Ubicación de la dimensión (E_FEAT_FT_01L)",,X,,3115.0,3115.8,3.0,-3.0,,0.8,0,,,,,,,,,,,
,FEAT_FT_01L_Y,"Ubicación de la dimensión (E_FEAT_FT_01L)",,Y,,-415.8,-416.1,3.0,-3.0,,-0.2,0,,,,,,,,,,,
,FEAT_FT_01L_Z,"Ubicación de la dimensión (E_FEAT_FT_01L)",,Z,,983.0,984.3,3.0,-3.0,,1.3,0,,,,,,,,,,,
,FEAT_CM5_01R_X,"Ubicación de la dimensión (E_FEAT_CM5_01R)",,X,,3810.0,3808.8,3.0,-3.0,,-1.2,0,,,,,,,,,,,
,FEAT_CM5_01R_Y,"Ubicación de la dimensión (E_FEAT_CM5_01R)",,Y,,233.0,231.7,3.0,-3.0,,-1.3,0,,,,,,,,,,,
,FEAT_CM5_01R_Z,"Ubicación de la dimensión (E_FEAT_CM5_01R)",,Z,,1079.6,1079.1,3.0,-3.0,,-0.5,0,,,,,,,,,,,
,FEAT_CM5_01L_X,"Ubicación de la dimensión (E_FEAT_CM5_01L)",,X,,3810.0,3808.9,3.0,-3.0,,-1.1,0,,,,,,,,,,,
,FEAT_CM5_01L_Y,"Ubicación de la dimensión (E_FEAT_CM5_01L)",,Y,,-230.0,-230.3,3.0,-3.0,,-0.3,0,,,,,,,,,,,
,FEAT_CM5_01L_Z,"Ubicación de la dimensión (E_FEAT_CM5_01L)",,Z,,1079.6,1077.1,3.0,-3.0,,-2.5,0,,,,,,,,,,,
,FEAT_CM6_01R_X,"Ubicación de la dimensión (E_FEAT_CM6_01R)",,X,,4616.1,4615.9,3.0,-3.0,,-0.2,0,,,,,,,,,,,
,FEAT_CM6_01R_Y,"Ubicación de la dimensión (E_FEAT_CM6_01R)",,Y,,329.2,327.6,3.0,-3.0,,-1.6,0,,,,,,,,,,,
,FEAT_CM6_01R_Z,"Ubicación de la dimensión (E_FEAT_CM6_01R)",,Z,,1100.4,1102.7,3.0,-3.0,,2.3,0,,,,,,,,,,,
,FEAT_CM6_01L_X,"Ubicación de la dimensión (E_FEAT_CM6_01L)",,X,,4616.1,4615.2,3.0,-3.0,,-0.9,0,,,,,,,,,,,
,FEAT_CM6_01L_Y,"Ubicación de la dimensión (E_FEAT_CM6_01L)",,Y,,-365.0,-364.8,3.0,-3.0,,0.2,0,,,,,,,,,,,
,FEAT_CM6_01L_Z,"Ubicación de la dimensión (E_FEAT_CM6_01L)",,Z,,1100.1,1101.2,3.0,-3.0,,1.1,0,,,,,,,,,,,
,FEAT_CM4_02_X,"Ubicación de la dimensión (E_FEAT_CM4_02)",,X,,2821.3,2822.6,4.0,-4.0,,1.3,0,,,,,,,,,,,
,FEAT_CM4_02_Y,"Ubicación de la dimensión (E_FEAT_CM4_02)",,Y,,145.2,143.4,3.0,-3.0,,-1.8,0,,,,,,,,,,,
,FEAT_CM4_02_Z,"Ubicación de la dimensión (E_FEAT_CM4_02)",,Z,,919.0,919.5,3.0,-3.0,,0.5,0,,,,,,,,,,,
,FEAT_CM1_02R_X,"Ubicación de la dimensión (E_FEAT_CM1_02R)",,X,,632.5,633.9,4.0,-4.0,,1.4,0,,,,,,,,,,,
,FEAT_CM1_02R_Y,"Ubicación de la dimensión (E_FEAT_CM1_02R)",,Y,,171.0,171.5,3.0,-3.0,,0.5,0,,,,,,,,,,,
,FEAT_CM1_02R_Z,"Ubicación de la dimensión (E_FEAT_CM1_02R)",,Z,,802.0,801.6,3.0,-3.0,,-0.4,0,,,,,,,,,,,
,FEAT_CM1_02L_X,"Ubicación de la dimensión (E_FEAT_CM1_02L)",,X,,632.5,633.2,4.0,-4.0,,0.7,0,,,,,,,,,,,
,FEAT_CM1_02L_Y,"Ubicación de la dimensión (E_FEAT_CM1_02L)",,Y,,-192.0,-190.7,3.0,-3.0,,1.3,0,,,,,,,,,,,
,FEAT_CM1_02L_Z,"Ubicación de la dimensión (E_FEAT_CM1_02L)",,Z,,802.0,802.7,3.0,-3.0,,0.7,0,,,,,,,,,,,
,,,,,,,,,,,,,,,,,,,,,,,
